ClaimNumber,CreateTime,AssignmentStatus,Subject,ExposureID,AssignedByUserID,AssignedUserID
CLM000129,2022-04-13 05:57:30,Unassigned,Lay say contain process hand relate.,EXP00297,leemaureen,larry24
CLM000606,2023-05-11 00:55:57,Unassigned,Ahead what model religious that east.,EXP00100,tgray,wgonzalez
CLM000642,2024-07-10 16:14:07,Assigned,Point present eat mission debate she also action.,EXP00135,trevor30,christopherbryant
CLM000678,2022-04-11 15:28:03,Assigned,Over pass wrong side seven.,EXP00083,xkelly,sara35
CLM000436,2024-09-23 20:37:59,Assigned,Follow election woman quite exist particular.,EXP00599,moorejustin,melissa46
CLM000708,2023-04-18 17:11:55,Unassigned,Court they place nor.,EXP00642,aguilarbrandon,amymoore
CLM000101,2023-12-27 08:50:41,Assigned,Line himself science popular full before structure.,EXP00138,kpatel,smithrobert
CLM000043,2023-09-24 01:54:44,Unassigned,Tend century east natural plan American.,EXP00213,sullivanamanda,linda30
CLM000871,2024-09-28 18:48:02,Unassigned,Surface measure remember rule avoid mouth.,EXP00607,aprilbell,mwilliams
CLM000506,2022-10-27 13:33:45,Assigned,Want theory as mean.,EXP00135,matthew90,jonescharles
CLM000351,2022-11-19 00:42:07,Assigned,School stand perhaps director goal trip ago.,EXP00005,alexishill,washingtonpatrick
CLM000077,2023-12-15 10:04:41,Assigned,Role suggest item.,EXP00784,david14,brad64
CLM000015,2023-11-22 15:09:35,Assigned,Land consumer property eat.,EXP00539,justingraves,andrewpalmer
CLM000820,2023-03-23 03:17:09,Unassigned,Young interest method industry food once.,EXP00240,david15,samuel48
CLM000031,2022-10-10 06:02:12,Unassigned,Family weight protect keep culture fast.,EXP00170,josephanderson,mosleytyler
CLM000368,2023-11-08 04:24:11,Assigned,Share authority concern economy figure safe cost.,EXP00219,anthony55,graytracey
CLM000092,2024-07-04 16:33:55,Unassigned,All professor consumer factor politics respond.,EXP00794,zparker,dustincampbell
CLM000192,2022-05-24 09:11:22,Unassigned,Ago staff in color.,EXP00026,paula33,wilsonjade
CLM000682,2023-12-11 05:52:21,Assigned,Defense age employee rather concern.,EXP00252,bwhite,wshields
CLM000341,2024-07-15 12:54:21,Assigned,Easy weight order tell example hit role.,EXP00232,joe78,manuel20
CLM000288,2022-02-25 13:56:15,Assigned,Sister soon nor expect begin good serve.,EXP00481,weberjanet,nrojas
CLM000110,2022-12-29 21:06:23,Unassigned,Bring appear bag mean cut.,EXP00645,martinezlauren,lindsey92
CLM000669,2024-04-29 18:49:40,Unassigned,Certainly network pick day themselves too.,EXP00299,iosborn,stacey33
CLM000152,2024-03-30 01:00:03,Assigned,According opportunity eye employee bit.,EXP00544,danny32,dcallahan
CLM000869,2023-07-11 04:49:06,Unassigned,Another tree pick economy Mr military.,EXP00383,alexanderrodriguez,jknox
CLM000786,2023-04-21 20:57:35,Assigned,Young thus item position us address top.,EXP00687,jwilkinson,deborah96
CLM000036,2023-02-28 02:24:16,Assigned,Rate design want list up.,EXP00703,rachelharris,shernandez
CLM000293,2023-02-21 18:40:25,Unassigned,Interest us choice impact.,EXP00703,pricelarry,xmeyer
CLM000917,2024-08-23 18:06:16,Assigned,Effect single population different onto.,EXP00710,troyjohnson,susanhuerta
CLM000125,2024-10-03 11:07:48,Unassigned,Seek same side end pick particularly state.,EXP00056,gcastillo,davidalexander
CLM000944,2022-07-25 16:54:09,Assigned,Perhaps media present involve beautiful heavy nice.,EXP00279,frank48,joseph61
CLM000758,2023-03-30 12:54:42,Assigned,Buy beyond news risk song.,EXP00573,mblair,marktaylor
CLM000392,2024-01-22 18:39:52,Assigned,Real relate television start live project.,EXP00280,jenniferjohnson,gwhite
CLM000262,2022-02-04 15:15:55,Unassigned,Movement over summer stage current.,EXP00197,stephanie19,xanderson
CLM000418,2024-09-02 12:03:38,Assigned,Face grow front whom race expect.,EXP00268,vwalsh,melissa98
CLM000626,2024-05-25 20:45:51,Unassigned,Keep out against especially bar.,EXP00004,rogerfletcher,brandievans
CLM000286,2022-01-29 12:26:56,Assigned,Church allow money many.,EXP00624,sherricollins,elaine11
CLM000548,2022-04-19 06:59:18,Unassigned,According analysis court.,EXP00096,newtoneileen,jessica06
CLM000451,2024-12-20 01:45:48,Assigned,Friend name though me.,EXP00067,mthompson,davisbill
CLM000582,2023-12-04 08:44:25,Unassigned,Pick company industry share room.,EXP00556,abigailbaxter,bchandler
CLM000056,2024-10-25 07:10:24,Unassigned,Board field capital sense keep red play under.,EXP00566,kochalison,ajuarez
CLM000172,2022-06-25 06:20:04,Unassigned,Together news only answer.,EXP00608,jessica35,drewmeyer
CLM000138,2024-01-28 10:18:37,Assigned,Would go effort hit book argue tonight.,EXP00368,perezkimberly,joseph91
CLM000995,2023-11-09 01:20:06,Assigned,Relationship support under week.,EXP00569,harriswalter,freemanlinda
CLM000810,2022-09-07 05:53:01,Assigned,According table home such eye some.,EXP00304,james08,rogersjonathan
CLM000079,2023-04-17 18:23:12,Assigned,Over population instead try measure.,EXP00347,kblackwell,znelson
CLM000304,2023-02-05 08:21:35,Unassigned,Generation detail great realize method discover.,EXP00247,lwatson,jacquelinegreen
CLM000120,2023-03-06 02:42:41,Unassigned,Institution soldier control big claim improve next Democrat.,EXP00369,tmartinez,carlos00
CLM000547,2024-04-20 00:03:08,Unassigned,According friend office rule until PM.,EXP00496,robinduarte,austin69
CLM000804,2022-07-16 04:48:47,Unassigned,Rest sport character drug man her.,EXP00463,xmyers,william84
CLM000170,2024-07-18 03:56:26,Unassigned,Theory phone financial at thing live federal south.,EXP00101,barbaratate,mooreleslie
CLM000415,2022-10-22 08:25:07,Assigned,Eight mouth system official especially popular.,EXP00503,kelly94,matthewperez
CLM000797,2022-04-16 02:03:22,Unassigned,His mention nice a cultural.,EXP00359,lgalloway,mcknighttimothy
CLM000742,2024-06-30 04:05:27,Unassigned,Year husband suddenly.,EXP00063,pzimmerman,hgonzalez
CLM000383,2023-08-10 18:31:00,Unassigned,Already out stock make board them.,EXP00558,justin94,bentonmichelle
CLM000220,2022-09-30 19:17:28,Assigned,Capital issue democratic agree risk off.,EXP00064,jessicakelly,nhunter
CLM000031,2022-04-21 10:51:58,Assigned,Land decision who situation.,EXP00083,cheryl35,michelle30
CLM000713,2022-04-18 01:49:59,Unassigned,Statement break politics blood include industry side.,EXP00190,yward,lauriebrown
CLM000992,2022-06-02 12:36:09,Unassigned,Magazine student strong example walk.,EXP00325,martinzachary,harrismichael
CLM000483,2024-04-15 01:16:20,Unassigned,Number increase into concern prevent in care.,EXP00030,heatherstevens,melissa31
CLM000693,2022-05-21 21:31:22,Assigned,Group still someone crime.,EXP00205,vblair,stevensmelissa
CLM000062,2022-10-01 20:47:45,Assigned,Tonight year media officer.,EXP00530,griffinjohn,gberger
CLM000653,2024-04-03 16:58:37,Unassigned,General for people million piece not.,EXP00257,amy53,sarah79
CLM000969,2022-02-12 06:31:42,Assigned,House example tough.,EXP00259,jennifer63,xflores
CLM000022,2023-05-26 15:43:04,Unassigned,Way wear just manager hold compare particularly.,EXP00709,johnsmith,nancythompson
CLM000166,2024-10-16 21:27:36,Unassigned,Purpose happy stock phone detail.,EXP00071,brownlauren,robertsjason
CLM000434,2022-09-30 14:07:41,Assigned,Pressure authority strategy hot by meeting dog.,EXP00230,sarah14,anthony37
CLM000837,2024-01-03 06:07:55,Assigned,Ten room game over knowledge somebody.,EXP00259,david44,harrisvictoria
CLM000358,2024-06-04 14:04:53,Unassigned,Hospital card strategy in high idea artist better.,EXP00560,jill50,garcialindsey
CLM000590,2022-11-05 14:41:15,Unassigned,Address dark population writer less.,EXP00557,rodriguezjohn,amyray
CLM000664,2022-02-02 16:33:52,Assigned,Involve design inside.,EXP00099,tgordon,destinyhernandez
CLM000508,2023-09-23 05:28:57,Assigned,Southern senior chance participant idea pay ask.,EXP00584,erikapearson,jmcknight
CLM000574,2022-05-17 22:17:28,Assigned,Friend technology involve back reduce shoulder evening.,EXP00408,jennifer50,jennifer78
CLM000082,2024-11-09 20:39:57,Assigned,Those section all sign.,EXP00020,martinwebb,lbailey
CLM000836,2024-05-15 07:30:35,Assigned,Bag once pressure reflect class case.,EXP00159,ramirezcharles,matthewszachary
CLM000766,2023-06-08 04:40:07,Unassigned,Miss add him however.,EXP00735,blackburnnancy,tylerjoshua
CLM000430,2024-06-12 02:04:36,Assigned,Nice paper lawyer our population nature.,EXP00221,christinesantos,vanessaodom
CLM000746,2023-03-23 08:27:02,Unassigned,Table somebody go piece fact various.,EXP00435,xlawson,matthew43
CLM000082,2023-11-04 12:56:37,Assigned,Wide reason set find paper town federal.,EXP00072,crawfordamanda,andrewchang
CLM000605,2022-01-10 13:30:35,Assigned,Technology attorney continue probably fall.,EXP00107,stephanie27,jacobtaylor
CLM000268,2024-09-26 01:20:40,Assigned,Than shake land great us.,EXP00449,kelli34,dbrown
CLM000107,2024-03-21 16:12:57,Unassigned,Such water Mr operation fight.,EXP00577,mckinneycindy,elizabeth97
CLM000875,2024-10-17 18:01:38,Assigned,Simple go whether room effect hair city.,EXP00624,harrisjulia,velezgilbert
CLM000658,2022-03-17 16:45:20,Assigned,Language citizen purpose rest evening break keep nature.,EXP00781,rburgess,kgray
CLM000069,2023-08-26 18:15:55,Unassigned,Poor some agent course half ground.,EXP00638,xavier04,willispaula
CLM000647,2023-07-20 14:07:16,Unassigned,Answer team project although free then.,EXP00413,cohenbarry,dmartin
CLM000792,2024-12-14 14:51:26,Unassigned,Develop discussion thus throw.,EXP00519,ross08,april87
CLM000849,2024-05-15 09:08:00,Unassigned,Job training try war.,EXP00347,alexis70,alice92
CLM000007,2022-08-30 21:56:40,Assigned,Music cover open rule feel here.,EXP00793,ashleysmith,rojasdiane
CLM000626,2022-04-09 23:30:58,Unassigned,Might author if treat.,EXP00382,johncooper,waynepetersen
CLM000923,2023-01-10 23:05:44,Assigned,Both will onto but.,EXP00766,whitechristopher,brownalicia
CLM000126,2024-08-28 21:59:10,Assigned,Later art capital kid.,EXP00252,kimmendoza,rhodesnathaniel
CLM000011,2022-02-22 06:32:55,Assigned,Serve government film bad month week.,EXP00338,amyrivera,ginabaker
CLM000601,2022-12-13 18:47:02,Assigned,Challenge quite executive meeting word home space.,EXP00512,derek51,marthamills
CLM000497,2024-09-28 14:49:47,Unassigned,Myself or debate series then.,EXP00109,millssharon,scott40
CLM000195,2022-07-07 03:32:32,Unassigned,Bit nice run certainly set.,EXP00284,amberperry,amyfrancis
CLM000329,2024-05-20 15:34:03,Assigned,Others as day sea.,EXP00604,patrick54,andersonamy
CLM000532,2022-02-25 17:19:26,Assigned,Per front subject fight door enough medical.,EXP00207,ybriggs,miranda71
CLM000256,2023-11-03 15:51:34,Unassigned,Kid activity agreement community size question approach.,EXP00667,cbryant,jennifer40
CLM000063,2022-04-04 08:57:06,Assigned,Finish majority imagine stock night.,EXP00514,klong,mary16
CLM000981,2023-12-20 17:24:30,Unassigned,More say rather blood she.,EXP00611,shawna28,foliver
CLM000820,2024-08-03 02:19:20,Unassigned,Wife national left most.,EXP00266,gentrydavid,kathryn59
CLM000378,2022-09-27 10:07:42,Unassigned,Them phone man list turn who.,EXP00677,wellsrebecca,nicole85
CLM000948,2024-10-29 10:56:30,Unassigned,Need establish attention wish suddenly difficult certain.,EXP00754,lindahorton,lauren46
CLM000097,2022-06-27 04:15:16,Unassigned,Visit according participant everything.,EXP00552,whitakerrichard,ronaldscott
CLM000623,2023-01-27 17:55:39,Assigned,Trial evening wall image sense have whether nature.,EXP00566,wchoi,tomrogers
CLM000626,2023-01-10 07:01:34,Assigned,Full indicate easy herself five whose dream.,EXP00158,wilcoxkyle,roger27
CLM000964,2024-01-16 05:59:10,Assigned,College likely fire our radio drug.,EXP00507,sgonzalez,gbrooks
CLM000805,2024-05-20 09:04:00,Unassigned,Report party after task sure food employee.,EXP00038,michael72,cookricardo
CLM000624,2022-06-14 18:56:46,Unassigned,Information box begin involve very word.,EXP00236,maryhall,freemanmelissa
CLM000257,2024-06-09 12:43:10,Unassigned,Every or year.,EXP00356,jenniferharris,johnsonangela
CLM000356,2023-11-07 15:17:36,Unassigned,Little song century culture.,EXP00289,adam27,saraolson
CLM000020,2022-01-17 15:13:09,Assigned,Difference time outside skill.,EXP00460,kreynolds,hernandezchristine
CLM000703,2022-08-21 20:46:45,Assigned,Car information well the expect from find.,EXP00144,eking,wrightmichael
CLM000560,2022-05-01 14:35:28,Unassigned,Size turn usually certain his.,EXP00181,pamelacole,michael61
CLM000452,2024-08-16 23:12:08,Unassigned,Capital manager probably.,EXP00184,pmurray,myerschristopher
CLM000523,2023-02-17 21:31:32,Assigned,Finish what go cut professor leave.,EXP00777,smithbarry,amanda74
CLM000485,2024-12-08 11:11:08,Assigned,News politics suggest general physical.,EXP00340,scottarroyo,james56
CLM000686,2024-07-13 05:13:57,Assigned,Her story listen thought note probably while.,EXP00622,bianca98,paulcarolyn
CLM000372,2023-03-21 15:36:53,Assigned,Step reality send hope.,EXP00430,denise70,anthonyfuentes
CLM000089,2024-04-23 21:28:26,Unassigned,Huge team reveal manage near everybody Republican.,EXP00040,maybrian,kcrawford
CLM000208,2023-11-19 17:36:53,Unassigned,College religious parent policy enjoy.,EXP00600,jstevens,angelsimpson
CLM000585,2023-02-26 12:33:09,Unassigned,Business character question mind.,EXP00044,kleintimothy,amanda25
CLM000501,2023-03-22 12:12:34,Unassigned,Since north son economy prepare.,EXP00216,psmith,erin53
CLM000004,2023-05-02 17:00:42,Assigned,Edge situation family continue admit exactly.,EXP00608,ylong,briananderson
CLM000429,2022-06-17 19:01:20,Assigned,Current happen student have discover whom sign.,EXP00683,christopher67,pclark
CLM000416,2024-11-07 08:52:08,Unassigned,Loss idea technology.,EXP00622,parkjohn,cynthia54
CLM000108,2022-04-24 01:25:17,Assigned,Late sit arm although.,EXP00045,campbelldaniel,amber26
CLM000202,2022-12-25 23:05:04,Assigned,Test however ever music fight.,EXP00122,jamesmiller,thomasmarc
CLM000870,2024-04-09 04:44:14,Unassigned,To central physical man increase former list.,EXP00509,framirez,brittany69
CLM000376,2024-10-26 04:00:05,Assigned,Local security forget skill loss experience.,EXP00600,swansonrobin,josephmatthew
CLM000451,2023-10-29 13:05:10,Assigned,Never myself artist language she.,EXP00392,joshuastewart,murphyvanessa
CLM000322,2023-08-12 01:36:23,Assigned,Chair total method wish data increase.,EXP00103,bscott,qsmith
CLM000470,2023-09-24 20:01:06,Assigned,Difficult four car get.,EXP00061,kathleen71,julia10
CLM000157,2024-07-05 06:38:57,Unassigned,Wife join administration question realize cover.,EXP00729,gillkelli,dawncervantes
CLM000923,2024-02-12 06:27:50,Assigned,Six continue consider.,EXP00489,lori53,tanya85
CLM000278,2022-07-07 17:26:58,Assigned,Alone eat best miss weight us.,EXP00732,jonespaul,christine10
CLM000111,2024-04-04 04:06:19,Assigned,Space past professor mention record key friend.,EXP00086,audreyjohnson,hlang
CLM000080,2023-08-27 10:50:30,Unassigned,Possible whole system less tax.,EXP00520,fmalone,alicia16
CLM000455,2023-11-29 14:13:45,Assigned,Pressure song open us minute perhaps audience society.,EXP00361,johnsonamanda,pcrawford
CLM000676,2023-10-11 09:48:15,Unassigned,Board arrive meeting skill civil ball medical.,EXP00527,john01,trevorbruce
CLM000202,2022-11-02 21:00:56,Unassigned,My reveal wish.,EXP00440,loganthomas,hesterashley
CLM000687,2024-12-04 04:11:15,Assigned,Change near court respond trial.,EXP00710,zcurtis,michael95
CLM000790,2023-07-02 07:50:31,Assigned,Big might find education result.,EXP00272,galvanmanuel,fcarter
CLM000441,2022-07-06 23:53:26,Unassigned,Six your everyone.,EXP00070,broth,kimberly07
CLM000701,2024-07-22 18:13:04,Unassigned,Later according lose political.,EXP00396,xmoore,kevin47
CLM000677,2023-09-19 19:11:54,Assigned,Blue single hot late song develop ask.,EXP00594,garciascott,donovankristina
CLM000839,2022-04-02 09:49:21,Assigned,Nor pay lay maintain page doctor senior.,EXP00753,bakerstephanie,brookemartinez
CLM000930,2022-08-23 23:50:36,Assigned,Stock film able decision scientist well.,EXP00147,barnesdawn,hernandezholly
CLM000876,2024-04-03 14:19:31,Unassigned,Environment consumer write billion large face view.,EXP00284,rheath,matthewjohnson
CLM000861,2022-01-11 17:23:33,Assigned,Answer bag long either cut.,EXP00032,danielmiller,qhiggins
CLM000519,2022-07-01 22:48:38,Unassigned,Simple respond share together.,EXP00022,thomas90,eweber
CLM000903,2024-07-04 11:08:06,Unassigned,Join month land seat share perform look.,EXP00064,olivermark,angela58
CLM000648,2023-09-24 02:06:18,Unassigned,Although send size rest.,EXP00522,carolyn72,rogersjessica
CLM000858,2022-07-23 17:58:51,Unassigned,Happen dog pretty material.,EXP00012,robert81,joshua83
CLM000550,2023-04-26 23:16:49,Unassigned,Time time black ahead whole.,EXP00061,janetweber,jamiehumphrey
CLM000126,2024-04-04 02:29:40,Assigned,Road yes teacher fish exactly.,EXP00240,kimberlywilliams,smithshelia
CLM000187,2023-11-22 20:12:39,Assigned,Difficult tell guess.,EXP00760,amandafoster,terrymichelle
CLM000048,2023-11-17 15:48:12,Unassigned,Business believe among share image where one.,EXP00161,robertofisher,oshelton
CLM000871,2023-11-08 12:15:44,Assigned,Story you new action reveal factor research.,EXP00240,perezanthony,daniel78
CLM000214,2024-04-21 07:09:10,Unassigned,Easy grow author wish blood child organization forward.,EXP00661,iweber,clarkelizabeth
CLM000238,2022-09-27 15:04:40,Unassigned,Candidate movement upon control imagine least anything.,EXP00614,lisa89,lydiaedwards
CLM000339,2022-09-03 16:35:32,Unassigned,Identify Mr over commercial.,EXP00383,stephen97,sean80
CLM000261,2024-02-04 13:51:11,Assigned,Go another foreign between.,EXP00339,jennifer60,jacobcarter
CLM000525,2022-09-05 04:32:04,Assigned,Attorney woman writer road.,EXP00060,maldonadokatherine,joe16
CLM000925,2022-03-11 19:59:18,Unassigned,Teach chair them at.,EXP00414,susanallen,xhicks
CLM000701,2024-02-19 05:52:20,Assigned,Stage health watch special section your local.,EXP00629,michael39,galvanconnor
CLM000507,2022-01-14 01:48:23,Assigned,Happy lot wife gas.,EXP00206,mossheidi,rtran
CLM000907,2023-03-09 14:11:30,Assigned,Parent respond bank matter collection.,EXP00080,burtonbonnie,lsantos
CLM000476,2024-12-27 19:22:14,Unassigned,Cold continue rise teacher what institution month.,EXP00279,timothy37,mooresusan
CLM000139,2023-05-21 10:43:07,Unassigned,Into financial include true inside phone.,EXP00065,brobinson,whitneysanchez
CLM000111,2023-11-22 05:24:18,Unassigned,Rule amount fund answer continue point.,EXP00742,bfitzpatrick,andrew22
CLM000996,2024-08-14 21:00:45,Unassigned,Poor also attack lead consumer plan might.,EXP00207,martinezmartin,cathy10
CLM000220,2024-03-14 10:01:31,Assigned,Little cover especially both last.,EXP00577,malonesheila,tmanning
CLM000966,2023-10-15 15:13:25,Unassigned,Point million ten win reason out agree.,EXP00327,johnwarner,dlong
CLM000493,2024-12-03 04:21:14,Assigned,Detail throw dream behavior near.,EXP00570,robertmontgomery,gregory73
CLM000271,2024-02-12 03:32:35,Unassigned,Claim stop best agency position way guess political.,EXP00524,haley98,stevengoodwin
CLM000468,2022-09-29 06:16:37,Assigned,Grow example drive series decide huge.,EXP00424,johnharvey,cynthia34
CLM000546,2023-12-13 10:07:20,Unassigned,Fly car debate sing.,EXP00402,xwells,lori94
CLM000272,2024-10-16 19:44:19,Unassigned,Medical of current popular letter.,EXP00396,izimmerman,bennettelizabeth
CLM000021,2022-12-19 06:07:52,Assigned,Camera man list near hear plan.,EXP00546,cindysuarez,tyler11
CLM000198,2023-09-07 18:20:10,Assigned,Work spring our couple build.,EXP00313,matthewbenitez,brownmichelle
CLM000924,2023-06-13 16:08:42,Unassigned,Film organization address painting.,EXP00383,johnsonjohn,msmith
CLM000127,2023-12-05 16:00:13,Unassigned,High federal me instead alone.,EXP00394,bguerrero,kellykathryn
CLM000182,2022-12-17 17:29:46,Unassigned,Receive more chair sing discover force.,EXP00536,jennifer68,adamgould
CLM000618,2022-06-19 06:00:54,Unassigned,Fast activity vote live task around themselves improve.,EXP00122,sheilaavila,keith78
CLM000408,2023-11-26 05:33:09,Assigned,Alone shoulder bag road than high military.,EXP00346,samanthabrandt,frankaguilar
CLM000165,2024-11-21 03:12:17,Unassigned,Member sister view identify.,EXP00644,sherry43,michael06
CLM000261,2024-12-29 04:43:01,Assigned,End this data age avoid.,EXP00068,marymorrison,theresa75
CLM000120,2024-12-26 13:03:14,Assigned,Particular risk modern however federal magazine.,EXP00723,hilldavid,justin58
CLM000942,2022-03-15 07:10:39,Assigned,Main difference father nation.,EXP00157,darrell51,bgonzalez
CLM000915,2024-03-10 05:07:11,Unassigned,Receive social into health professional think room.,EXP00296,uestes,lindsaymendoza
CLM000418,2022-11-18 00:50:09,Assigned,Determine machine expert oil finally half peace.,EXP00731,rodriguezmonique,cherylholden
CLM000322,2023-03-29 12:48:26,Unassigned,Now reflect ok term catch loss.,EXP00586,elizabethmiller,tpetersen
CLM000530,2024-01-29 19:01:48,Assigned,Whatever police why image.,EXP00759,melvinsolis,vickiemartin
CLM000011,2023-02-16 06:39:56,Assigned,Yeah ok shoulder beyond you.,EXP00036,warrensarah,uflores
CLM000982,2024-01-21 03:34:46,Assigned,Employee finally even.,EXP00521,jwilson,cdiaz
CLM000751,2024-09-01 10:03:34,Unassigned,Contain lawyer else recognize case him song best.,EXP00079,lisamckenzie,xwright
CLM000440,2022-12-23 18:15:20,Assigned,Too during new middle speech.,EXP00258,gary86,banderson
CLM000086,2023-03-08 18:14:58,Unassigned,Show some effect admit.,EXP00515,chambersbrendan,garynelson
CLM000285,2024-06-09 08:12:03,Unassigned,Above investment serve black worry.,EXP00452,jessica13,williamhanson
CLM000776,2024-08-25 10:41:59,Unassigned,Stock eight artist.,EXP00141,alyssa71,lstein
CLM000126,2022-11-27 14:30:24,Unassigned,Article chance part south trade tonight require.,EXP00657,ariel55,bgilbert
CLM000879,2022-09-20 16:26:37,Assigned,Beat camera discover short American.,EXP00144,iward,dalton26
CLM000062,2023-02-05 18:30:50,Unassigned,Business speech scene law politics.,EXP00589,elizabeth30,holly45
CLM000267,2022-01-30 16:25:33,Assigned,Whether sit well three point ok think rise.,EXP00054,dalewilliams,ddavidson
CLM000059,2023-08-07 22:12:27,Assigned,Moment role find population she simply.,EXP00384,wisemargaret,david81
CLM000091,2024-09-26 14:36:05,Unassigned,Foreign environmental community radio wind.,EXP00784,michael04,lhopkins
CLM000661,2023-06-28 18:23:41,Unassigned,Lead ever measure southern.,EXP00237,michael67,nicholebaker
CLM000016,2022-03-12 19:46:12,Unassigned,Over meet stock.,EXP00397,ruthortiz,stephanieellis
CLM000840,2022-05-10 11:04:07,Unassigned,Wide hard pressure and.,EXP00319,nkennedy,youngraymond
CLM000327,2023-01-07 08:06:09,Unassigned,Situation half interest market appear city.,EXP00254,michele66,markallen
CLM000218,2022-09-23 13:05:15,Assigned,Rich still ready give.,EXP00241,jennifermaldonado,uallen
CLM000148,2024-04-21 10:19:06,Assigned,Agency worry me get wait myself.,EXP00664,samantha40,jdowns
CLM000642,2024-01-03 00:43:16,Assigned,Group discuss special cut theory.,EXP00691,destiny70,williamsmichael
CLM000796,2024-02-20 06:15:46,Unassigned,Husband court may responsibility.,EXP00167,jasoncherry,karen58
CLM000806,2024-05-12 02:22:32,Assigned,Bag someone sport woman.,EXP00460,joshua70,jessicashaw
CLM000222,2022-03-09 23:42:02,Unassigned,Really in short explain may.,EXP00231,jessicabuckley,james39
CLM000990,2023-07-05 18:13:02,Unassigned,Machine century condition cultural should image affect.,EXP00693,holtdebra,myoung
CLM000050,2023-12-10 18:29:53,Assigned,At Congress western million.,EXP00438,molinagarrett,wilsonjulie
CLM000424,2023-08-26 05:16:51,Assigned,Note policy couple give Democrat choose month.,EXP00504,nmosley,anthony41
CLM000109,2024-09-19 21:09:42,Unassigned,Ok fill use prove control against high north.,EXP00652,pmontoya,maryjones
CLM000905,2024-04-01 14:13:30,Assigned,Talk positive subject able meet.,EXP00331,alexandra08,kmason
CLM000690,2022-05-15 08:23:05,Unassigned,Project once develop series.,EXP00031,anthonyroberts,kevin09
CLM000583,2024-01-09 20:24:42,Unassigned,Media because report focus deal home peace.,EXP00779,stacysherman,amandaarellano
CLM000143,2022-11-01 01:44:36,Unassigned,Nature music produce anyone structure name myself.,EXP00194,david69,qgreene
CLM000524,2024-02-13 06:09:09,Assigned,Bar especially protect always company court determine.,EXP00642,robertmiller,gary03
CLM000766,2023-08-25 04:12:05,Unassigned,Change event thus everybody heart lay establish model.,EXP00578,tina25,warrencarolyn
CLM000821,2022-02-19 11:24:27,Assigned,Bad energy pretty.,EXP00594,ehansen,campbelldavid
CLM000347,2024-08-13 10:15:22,Assigned,National send career weight the deal rule until.,EXP00033,jimenezamy,uwelch
CLM000994,2024-06-26 19:46:41,Unassigned,Pattern these church speech push far.,EXP00390,colleenwilliams,mroberts
CLM000956,2022-08-19 22:13:56,Unassigned,Forget similar no guess suffer option.,EXP00702,bakertyler,nathan38
CLM000346,2022-12-31 06:42:10,Unassigned,Explain party inside example.,EXP00509,michelleprince,grant26
CLM000327,2023-08-19 03:56:47,Assigned,Image prepare computer political as.,EXP00201,rjackson,schultzjessica
CLM000472,2022-09-19 05:52:54,Unassigned,Mind agency family trial wish.,EXP00070,jasonnichols,dmcdonald
CLM000133,2022-06-05 06:03:26,Assigned,Most already away heart carry degree traditional.,EXP00375,nbonilla,santiagothomas
CLM000979,2023-07-04 16:20:41,Unassigned,Group family whose task.,EXP00413,clinewhitney,pgibson
CLM000341,2024-03-21 00:31:33,Assigned,Republican true different popular or just.,EXP00252,anthony13,tpacheco
CLM000776,2024-08-14 06:16:53,Unassigned,Any image rise newspaper standard.,EXP00677,gordoncandice,larry42
CLM000697,2024-04-01 12:58:27,Assigned,Evening talk full series involve doctor.,EXP00386,thomasanna,marie84
CLM000344,2024-10-11 14:33:24,Unassigned,Room American picture bad.,EXP00559,ymcintosh,karen33
CLM000676,2024-12-13 23:11:16,Assigned,Cover happy machine book mission.,EXP00755,benjaminperry,oruiz
CLM000967,2023-07-31 13:25:29,Assigned,Manage image him growth.,EXP00417,prodriguez,rebecca26
CLM000693,2024-10-19 09:30:31,Assigned,Defense success half home tree.,EXP00656,charlesmorris,kayla33
CLM000445,2023-08-24 08:30:22,Assigned,Firm nearly large move door Mr for middle.,EXP00301,spencesamantha,francothomas
CLM000772,2024-03-20 04:33:57,Assigned,Seven seek high base by authority new.,EXP00248,huntercurtis,smithkelli
CLM000177,2023-04-13 12:46:56,Unassigned,Defense well choice painting.,EXP00639,kristin58,matthew67
CLM000443,2022-09-24 02:18:17,Assigned,Tv ask company garden agree cell something manage.,EXP00538,wkim,michellewade
CLM000723,2022-12-29 03:25:06,Assigned,Material each response child area.,EXP00612,brian82,luke96
CLM000631,2024-07-20 23:07:34,Unassigned,Never attention window training job.,EXP00289,patrickjimenez,bernardian
CLM000457,2023-12-09 08:06:09,Unassigned,Customer gas cause hand.,EXP00023,joansanchez,davidsonlori
CLM000975,2023-11-15 18:13:23,Unassigned,Call wait machine image lose garden.,EXP00777,christian37,daisymoore
CLM000815,2024-04-11 07:58:38,Assigned,Class character watch class science media body.,EXP00185,christopher32,sotojoshua
CLM000120,2023-01-08 19:05:58,Unassigned,Include example paper edge black.,EXP00221,gregory98,susangraves
CLM000680,2022-07-11 22:00:15,Assigned,Others collection because sound right.,EXP00440,stephaniesmith,jennifer88
CLM000599,2022-09-01 18:19:26,Assigned,Central such community rise produce night always.,EXP00342,aowens,kpeters
CLM000110,2022-05-08 05:38:40,Assigned,Type wear large environmental.,EXP00375,vicki49,dalewilson
CLM000116,2022-09-21 00:41:49,Assigned,Camera movie president practice we.,EXP00207,amanda96,weavermonica
CLM000777,2024-01-24 07:52:20,Assigned,Discuss Congress factor oil add.,EXP00597,hannah22,zunigamelissa
CLM000011,2024-09-17 14:27:27,Assigned,Involve beautiful rich effort.,EXP00769,katherinebennett,victor56
CLM000211,2023-12-09 14:50:18,Assigned,Specific feel rather shoulder.,EXP00513,scottallison,fduran
CLM000879,2022-01-09 22:22:51,Assigned,System rate wife keep help upon environment.,EXP00320,contrerasmichael,wrightmargaret
CLM000796,2022-02-20 02:29:31,Assigned,First political tough maintain space.,EXP00467,rodgersderrick,jonathanhorton
CLM000903,2023-12-11 08:28:52,Assigned,Life rock approach evening television lawyer.,EXP00696,ylane,pharper
CLM000172,2024-07-12 18:24:34,Assigned,History dinner eye artist national learn everything.,EXP00110,thomas08,andreafreeman
CLM000166,2024-08-21 23:50:43,Assigned,Before tonight simple choose.,EXP00334,jacksonconnie,rachelhenson
CLM000438,2023-04-18 13:17:39,Assigned,We a share simple north.,EXP00048,frankphillips,goldenmisty
CLM000245,2022-06-17 07:59:59,Assigned,Kind here himself talk field.,EXP00696,patriciamiller,riveramichael
CLM000233,2022-05-30 14:24:11,Unassigned,Still somebody either church.,EXP00492,wallacecassandra,strongjohn
CLM000623,2024-12-11 07:15:54,Assigned,Effect guy last.,EXP00470,fullermark,rhonda04
CLM000484,2023-10-20 02:54:19,Unassigned,Expert himself life man either full sister house.,EXP00311,qblack,barberandre
CLM000421,2023-07-09 03:10:50,Unassigned,Carry debate foreign after idea should.,EXP00347,hunterpatterson,ebonyosborn
CLM000772,2024-01-10 18:26:43,Assigned,Large wonder probably player national thank various decision.,EXP00683,ppark,alexisle
CLM000696,2023-07-19 12:09:26,Assigned,Prepare allow billion same exist spend.,EXP00194,reginawest,eugene62
CLM000399,2023-10-06 21:09:16,Assigned,Along hot also water shake she view.,EXP00738,jperez,jeffreyhenderson
CLM000739,2023-07-18 07:18:45,Unassigned,Ahead onto whose investment.,EXP00265,jjackson,trodriguez
CLM000531,2023-08-24 21:09:17,Unassigned,Decide shake weight.,EXP00782,jeanstone,ebrown
CLM000343,2023-12-31 06:14:43,Assigned,Teacher machine relationship southern difficult.,EXP00657,dguzman,lhoward
CLM000139,2024-12-09 10:18:13,Unassigned,Office hard water game threat environmental.,EXP00550,janemack,nbooker
CLM000020,2024-01-10 06:42:24,Assigned,Operation thank despite wear nearly eye.,EXP00250,kwalker,rreid
CLM000838,2024-02-27 11:53:08,Unassigned,Red concern will activity similar writer contain.,EXP00390,allendebra,athomas
CLM000636,2024-07-26 23:06:11,Unassigned,Daughter compare another civil usually economic.,EXP00453,wwatts,graykelly
CLM000308,2024-08-27 13:47:53,Unassigned,Professional stuff develop follow popular.,EXP00664,jenniferalexander,sloandebra
CLM000434,2024-03-15 18:28:36,Unassigned,Significant everybody nation back treat me man stop.,EXP00244,russelljames,jeffrey55
CLM000279,2023-11-24 09:44:43,Assigned,Trial occur his.,EXP00431,ysimmons,tracy86
CLM000419,2022-09-17 01:03:04,Unassigned,Successful table think beyond although guess.,EXP00266,xchavez,jonathanmurray
CLM000968,2024-06-28 16:33:56,Assigned,Something president a sort part tend.,EXP00082,tevans,oevans
CLM000179,2022-05-27 07:01:28,Unassigned,Interesting stand know.,EXP00514,troy12,garciavicki
CLM000693,2022-11-03 16:03:11,Assigned,Recently kid commercial.,EXP00524,dunnbrandon,kevin48
CLM000578,2023-09-30 00:37:45,Assigned,Wear operation seat develop bring represent individual box.,EXP00502,dowens,jesus09
CLM000915,2022-12-28 18:34:14,Unassigned,Action add skill growth go.,EXP00460,uscott,baldwinjessica
CLM000344,2022-08-06 09:03:40,Assigned,Else order way early arm budget.,EXP00112,evansjennifer,heatherryan
CLM000616,2023-08-15 12:53:37,Unassigned,Drive behind kitchen score send morning lay three.,EXP00631,katelynfreeman,cameron91
CLM000161,2023-07-26 09:08:40,Assigned,Bag expect my first debate.,EXP00177,alexandraphillips,xwilson
CLM000761,2024-10-11 04:33:40,Assigned,Into ground water mouth every discover.,EXP00260,oevans,smithdanielle
CLM000354,2024-12-20 23:44:18,Unassigned,Street investment view quite yeah garden least.,EXP00233,jeremyroth,michaelwells
CLM000754,2022-05-30 22:42:25,Assigned,Address raise everyone citizen role phone.,EXP00754,patriciabrown,michelle41
CLM000107,2024-02-05 09:10:24,Assigned,Why foreign then pay weight.,EXP00240,bartlettkimberly,moorecharles
CLM000762,2023-01-24 07:26:15,Unassigned,Alone difficult explain let certain.,EXP00200,jneal,tammyvaughn
CLM000971,2022-08-11 01:09:14,Assigned,Learn meeting relate most each bill fact.,EXP00502,jamesjohnson,gonzalesjordan
CLM000646,2024-07-29 16:30:41,Assigned,Man people back charge thus activity.,EXP00459,kchase,johnsonrichard
CLM000061,2022-08-06 08:32:24,Unassigned,Body southern owner food believe environment like.,EXP00231,spencerjorge,douglas27
CLM000853,2024-04-15 21:10:12,Unassigned,Own decade have hospital west.,EXP00434,jonathan27,wjordan
CLM000768,2024-03-26 06:18:15,Unassigned,Arm body interview five.,EXP00385,kmccullough,dtaylor
CLM000987,2022-08-10 19:50:10,Unassigned,Drop view and information tough base.,EXP00628,bettyharris,omccarthy
CLM000615,2024-05-07 23:45:12,Unassigned,Game population rest age service.,EXP00494,bsimmons,jenningscharles
CLM000911,2022-06-25 23:12:49,Unassigned,Occur citizen half too national collection offer travel.,EXP00372,patrick66,tcruz
CLM000064,2023-03-02 09:11:30,Assigned,Bring experience change develop.,EXP00759,wmartinez,gjones
CLM000501,2023-05-14 21:14:35,Assigned,Right become building than wife agree.,EXP00792,jennifer86,ysmith
CLM000982,2022-01-14 06:33:00,Unassigned,Interest speech current doctor again.,EXP00624,larry81,hallbarbara
CLM000840,2024-12-05 20:34:51,Assigned,Wrong thought get sister carry.,EXP00434,jesusjohnson,larrymorrison
CLM000242,2022-02-22 13:26:03,Assigned,Local everybody leave do she early.,EXP00304,loridelgado,olong
CLM000654,2023-05-28 14:05:19,Unassigned,Sport treat event international money.,EXP00227,michelle84,carol02
CLM000272,2022-05-26 07:49:08,Unassigned,Firm physical great general now perhaps southern.,EXP00537,patricksanchez,kylie57
CLM000008,2024-12-28 09:08:20,Assigned,Environment store authority south great.,EXP00521,lopezjessica,aadams
CLM000817,2024-05-21 22:29:50,Assigned,Scientist open the.,EXP00699,maryanderson,xhudson
CLM000477,2024-09-21 20:40:23,Assigned,Idea six school method rate.,EXP00749,qsnyder,michaelwilliams
CLM000482,2024-06-13 05:38:27,Unassigned,Test whether something easy remember.,EXP00531,harrischris,monica53
CLM000893,2024-10-14 19:41:22,Unassigned,Court though must create reach type.,EXP00601,joshua98,kalvarez
CLM000978,2022-06-18 15:24:12,Unassigned,Throw back too camera hair.,EXP00655,ericscott,davisbarbara
CLM000463,2023-02-07 04:14:49,Unassigned,Condition serve finish deal cold leg.,EXP00076,zholt,tcamacho
CLM000433,2023-08-03 04:59:40,Unassigned,Knowledge unit hear mind.,EXP00786,deannapatton,webermichael
CLM000410,2023-11-16 10:04:55,Unassigned,Film staff campaign certainly between now admit help.,EXP00736,jessicalivingston,thompsonashley
CLM000126,2022-01-04 19:29:08,Unassigned,Remain sit sport us suggest reality want.,EXP00163,hansenjoshua,adamsbrianna
CLM000555,2023-05-16 20:20:57,Assigned,Military road matter dark.,EXP00254,billy52,travis23
CLM000045,2023-07-29 07:36:17,Unassigned,Environment prevent how consumer push.,EXP00264,cruzmichelle,hmorales
CLM000958,2023-01-05 17:50:38,Unassigned,Still southern with concern.,EXP00211,williamsmanuel,scottdelgado
CLM000750,2024-02-05 00:21:33,Unassigned,Door customer east responsibility try enjoy.,EXP00774,scottsmith,karenlong
CLM000215,2022-08-09 12:50:29,Unassigned,Prepare structure important if how mention.,EXP00179,ryankimberly,fergusonjeff
CLM000588,2023-01-17 18:32:28,Assigned,Night store skill myself realize officer if.,EXP00056,codyclark,derrick39
CLM000432,2022-05-15 11:44:51,Assigned,Dog tell number far.,EXP00514,darleneberry,mirandajasmine
CLM000160,2023-09-08 17:24:23,Unassigned,Pattern season major clear language new recognize.,EXP00379,ogarcia,tpage
CLM000163,2023-08-26 21:39:21,Assigned,Contain war course push.,EXP00272,michaeldelgado,kallen
CLM000704,2022-12-03 08:10:08,Assigned,Suggest remain very return entire management.,EXP00793,mhorne,pdean
CLM000884,2023-09-02 05:02:23,Assigned,Worry camera senior minute behind start tend issue.,EXP00369,jonathanmahoney,qhaynes
CLM000458,2022-12-07 17:37:24,Assigned,Middle talk tough instead major ask.,EXP00316,erin72,cynthiagould
CLM000641,2024-10-08 06:09:20,Assigned,Fill memory just build rock need second appear.,EXP00621,davidowens,jamesvalenzuela
CLM000089,2022-05-03 12:22:46,Unassigned,Own somebody tough party.,EXP00573,perryrachel,amanda35
CLM000256,2024-06-18 21:17:12,Assigned,Contain study its early believe nothing suddenly couple.,EXP00662,ianrogers,pyates
CLM000622,2022-07-09 11:15:44,Unassigned,Student base husband exist do put.,EXP00411,grahamkristin,nguyenashley
CLM000651,2024-09-09 22:01:34,Assigned,Police similar leader employee big argue.,EXP00498,daniel01,amysmith
CLM000945,2023-10-04 17:15:19,Assigned,Senior reflect without recently.,EXP00304,kevinfox,rachel58
CLM000118,2022-05-02 02:06:58,Assigned,Morning today become hair.,EXP00791,wrightpam,angelapatton
CLM000588,2024-02-04 07:28:53,Unassigned,Affect back also drive.,EXP00441,teresashields,tayloroscar
CLM000974,2022-02-25 13:20:36,Unassigned,Will water operation society account talk good.,EXP00208,velasquezconnie,michael32
CLM000096,2024-02-13 02:45:18,Assigned,Rich black use statement local as.,EXP00592,sharpanna,patrick53
CLM000084,2024-05-05 17:14:56,Unassigned,Draw factor language guess.,EXP00532,vchristensen,gordonjulie
CLM000336,2022-01-08 00:18:30,Unassigned,Back hot street road.,EXP00716,shawn03,gpatterson
CLM000438,2023-01-16 00:04:39,Unassigned,Idea describe our never away join successful.,EXP00478,pateltanya,tina79
CLM000040,2022-07-27 00:37:05,Assigned,Which politics call probably production fear maintain ever.,EXP00764,rbishop,arroyoshirley
CLM000311,2022-07-25 08:49:08,Assigned,Produce behind practice sort.,EXP00702,evanskathleen,zjones
CLM000771,2022-07-10 04:18:25,Unassigned,Offer require report floor.,EXP00722,robert21,nwilson
CLM000346,2023-08-19 05:48:14,Unassigned,Cause allow positive similar.,EXP00036,nguyenshari,lewissamantha
CLM000199,2023-04-29 20:15:45,Assigned,Stop rock majority head tree fear address.,EXP00117,whitekelli,currygrace
CLM000444,2023-09-01 19:58:10,Assigned,Value the star senior record.,EXP00539,ryan90,lawrence81
CLM000780,2024-05-03 17:49:47,Assigned,Fish cause small base fight impact.,EXP00785,jdavis,martineznathaniel
CLM000376,2024-08-26 06:01:17,Assigned,Seven bad box become mean thought truth.,EXP00370,meyersalyssa,bfarley
CLM000147,2023-02-24 10:44:14,Unassigned,Party soldier once trouble.,EXP00459,thomas28,susanfinley
CLM000473,2022-03-29 05:48:10,Assigned,Billion treatment time protect interesting.,EXP00215,daniel36,rmyers
CLM000393,2024-03-11 22:27:25,Unassigned,Support summer catch voice level.,EXP00259,bhumphrey,danielleduncan
CLM000694,2022-02-01 16:24:45,Unassigned,Visit rule fund through area class.,EXP00187,carlos73,cunninghamshelley
CLM000893,2024-04-21 20:20:53,Assigned,Real my role forward.,EXP00734,mark41,adamjensen
CLM000027,2024-01-06 11:28:42,Unassigned,Option system movie draw different stand possible rich.,EXP00603,ilucero,wagnerderrick
CLM000869,2022-12-19 12:07:37,Unassigned,Second fish off key.,EXP00547,johnsonjoshua,davidwebster
CLM000907,2022-02-01 06:09:11,Unassigned,Full daughter action price art.,EXP00518,hogancrystal,jasonvasquez
CLM000454,2023-08-13 14:02:38,Unassigned,Second discuss child discover.,EXP00082,fcrawford,jhoffman
CLM000664,2024-02-05 18:22:14,Assigned,Either service for statement simply process hit.,EXP00652,weaverhenry,joshua52
CLM000147,2023-11-23 01:02:40,Unassigned,Hear result leg only list.,EXP00645,stephaniegrant,brandon62
CLM000358,2022-06-28 08:54:56,Unassigned,Piece new region accept simple soldier.,EXP00693,bryan50,sarahbecker
CLM000425,2023-06-28 04:10:48,Assigned,Strong door traditional your get.,EXP00672,peterwilkins,abyrd
CLM000241,2023-01-23 06:12:37,Unassigned,Could certainly for ago fact billion.,EXP00556,xedwards,dmorrison
CLM000078,2024-12-08 05:39:01,Unassigned,Responsibility once between measure result.,EXP00760,joshuabaker,johnsonerin
CLM000958,2022-06-13 22:05:23,Assigned,Yet institution position.,EXP00551,hallkristi,wvalentine
CLM000201,2023-03-30 19:58:38,Assigned,Right game understand professional third exactly.,EXP00292,davidaustin,aferguson
CLM000649,2024-06-30 06:41:44,Assigned,It deep citizen senior.,EXP00574,nicholas89,derrick56
CLM000947,2024-07-05 09:23:58,Unassigned,Become paper program.,EXP00759,joy15,promero
CLM000934,2024-11-27 23:19:06,Assigned,Production report check.,EXP00308,rebeccawalker,robertandrade
CLM000191,2022-09-09 18:20:05,Assigned,Star need collection finish.,EXP00513,cartercody,nsullivan
CLM000145,2024-11-25 16:32:52,Assigned,Manage natural television almost door perhaps catch.,EXP00392,hernandezricardo,butlersierra
CLM000835,2024-11-12 17:15:33,Unassigned,Lot current resource pattern.,EXP00595,rebecca05,zgibson
CLM000607,2024-04-18 09:53:41,Assigned,Language agree high difficult house.,EXP00177,mperez,aprilpalmer
CLM000467,2022-12-17 01:15:43,Unassigned,Nothing goal local change wear set city.,EXP00583,terrijordan,zavalajerry
CLM000576,2023-10-13 17:24:11,Assigned,Training there understand again seven.,EXP00575,olsenmark,yarmstrong
CLM000672,2024-05-24 10:46:57,Assigned,Weight over seek base.,EXP00300,robertbrown,ohunter
CLM000678,2023-02-12 06:57:17,Assigned,Investment your strong himself admit.,EXP00604,millerphilip,allen84
CLM000537,2023-06-22 10:53:20,Unassigned,Popular his since stock too itself.,EXP00387,kcooper,aaronbarrett
CLM000906,2022-06-04 12:01:10,Assigned,Thank describe pull age eat.,EXP00235,jellis,nicholas02
CLM000567,2022-08-29 09:07:52,Unassigned,Professional magazine the artist woman yes.,EXP00175,matthew78,gwilliams
CLM000526,2024-05-18 09:09:21,Assigned,Determine movie exist including art.,EXP00101,pricemichael,josephnelson
CLM000975,2023-04-05 14:29:26,Assigned,Than onto parent peace southern almost toward.,EXP00165,valenciathomas,cdiaz
CLM000388,2023-04-07 17:06:39,Unassigned,Road picture day movement.,EXP00195,sarah21,sandra29
CLM000099,2023-09-12 22:42:05,Unassigned,But while short really seem.,EXP00285,sheltondavid,hhoward
CLM000514,2024-02-16 05:39:22,Assigned,Without land in write.,EXP00204,ayalamartin,knightmonica
CLM000691,2024-09-14 01:28:26,Unassigned,Today loss always adult change.,EXP00612,areed,rmyers
CLM000821,2022-07-01 20:22:42,Assigned,Necessary phone pattern why Mr as professional property.,EXP00719,xscott,tamaramontgomery
CLM000460,2024-02-24 18:47:52,Assigned,Out entire dream feel.,EXP00636,toni38,wbrown
CLM000353,2022-05-18 05:52:55,Assigned,Tv science pretty threat always challenge free sell.,EXP00609,lewismartha,donnahoward
CLM000409,2023-07-21 16:54:11,Unassigned,Reason smile employee some let marriage.,EXP00439,chaynes,sosaandrea
CLM000836,2022-08-11 03:28:30,Assigned,Thought wonder campaign positive.,EXP00340,mbarrett,ashley18
CLM000598,2024-03-03 12:00:49,Unassigned,Box building laugh whose I.,EXP00101,juliajackson,elee
CLM000385,2022-10-18 02:58:19,Assigned,Culture dinner nearly others time.,EXP00393,kirkashley,hamiltoncourtney
CLM000097,2023-07-01 13:17:42,Assigned,Story such another great natural produce.,EXP00657,christopherrodriguez,matthew61
CLM000436,2022-05-17 01:31:30,Assigned,Claim year significant upon consumer all outside stock.,EXP00733,harveycharles,nunezrichard
CLM000453,2022-10-08 14:00:58,Unassigned,Yard writer reveal daughter yes.,EXP00710,thomas27,reginahanson
CLM000935,2024-04-25 19:37:10,Assigned,Finally majority standard base ability heavy yard sure.,EXP00107,ubarker,codymurillo
CLM000158,2024-03-12 01:29:04,Assigned,Effort campaign chair seat explain prepare.,EXP00637,mark86,ogarza
CLM000909,2024-03-10 04:09:34,Assigned,Poor spend soon now two.,EXP00449,baileylisa,karenpope
CLM000231,2022-11-08 16:01:14,Unassigned,Reality man spend may three wonder.,EXP00428,jessica60,omorales
CLM000909,2024-05-24 01:45:03,Assigned,Special people church five film his high.,EXP00615,christophersoto,bmorgan
CLM000713,2024-07-06 14:46:46,Unassigned,Prepare story leave born upon seek body.,EXP00529,tiffanyhall,haleyross
CLM000164,2022-07-26 09:18:51,Unassigned,Cup fill front wind sell.,EXP00661,stacysantana,amyford
CLM000821,2023-10-15 08:08:00,Assigned,Film gun out every of suddenly book court.,EXP00067,cholland,michellehoward
CLM000337,2022-03-27 05:40:44,Assigned,Guess hundred ok manage.,EXP00573,rodneyjoseph,mathismorgan
CLM000302,2024-10-30 01:18:12,Assigned,Myself success nature.,EXP00526,kaylee33,richard89
CLM000683,2022-11-28 11:21:52,Unassigned,Nation condition before play listen on own.,EXP00322,vstokes,brandonperry
CLM000716,2022-06-06 22:39:04,Assigned,Drug management news address although opportunity decade.,EXP00252,stephanie24,sullivaneric
CLM000032,2022-09-23 15:43:51,Unassigned,Hair tell environment piece continue general.,EXP00623,jamiedavis,mbrooks
CLM000253,2022-10-17 15:41:19,Assigned,Why garden kitchen.,EXP00262,shawn49,marcomckenzie
CLM000008,2024-10-31 23:21:46,Assigned,Every friend risk happy final keep identify.,EXP00763,charlesharris,mlee
CLM000916,2022-03-19 04:59:05,Unassigned,Relationship buy better evidence culture Mr radio section.,EXP00641,eharris,whiterobert
CLM000987,2024-07-25 02:20:03,Assigned,Present operation require once provide.,EXP00583,jillianlyons,michaelcoleman
CLM000857,2022-04-24 11:20:25,Unassigned,Air red dinner law sing friend score.,EXP00332,mramirez,cortezadam
CLM000122,2024-01-17 17:02:14,Unassigned,Large represent class.,EXP00127,theresa56,fisherjohn
CLM000503,2022-02-27 09:37:55,Unassigned,Chair ok to claim similar letter.,EXP00786,christopherzamora,cramirez
CLM000238,2023-04-26 15:02:31,Assigned,With successful yes cover worry.,EXP00639,richardsmith,tjohnson
CLM000591,2023-12-15 18:01:35,Unassigned,Eight direction continue person interesting.,EXP00358,kevin72,thomaslynn
CLM000201,2022-06-27 08:05:32,Unassigned,Yard their business into little into choose.,EXP00529,leejennifer,jamielee
CLM000877,2023-05-07 21:20:49,Unassigned,Despite social each guess.,EXP00758,cjohnson,mark88
CLM000517,2024-03-11 15:39:34,Unassigned,Care debate house carry rather add agreement.,EXP00593,sheila33,bradleyhill
CLM000201,2024-07-14 13:29:51,Unassigned,Available conference notice miss commercial.,EXP00544,blackwellcarla,hulltaylor
CLM000907,2024-05-08 01:12:19,Assigned,Perform occur move fill like cup.,EXP00324,crystalray,pallen
CLM000382,2023-05-20 04:17:09,Assigned,Available go it ask story society.,EXP00241,llong,pbrown
CLM000041,2022-04-25 10:10:57,Assigned,Soldier summer evening wrong again.,EXP00577,jillcontreras,ericbrown
CLM000214,2024-12-14 20:37:27,Assigned,Product wide car individual along activity white.,EXP00770,johnwilson,amyferguson
CLM000055,2023-08-03 03:10:18,Unassigned,Understand become against attention eight let.,EXP00299,jonesjames,elijahmoore
CLM000441,2022-10-27 14:56:49,Assigned,Stock white inside various other month success.,EXP00135,carlsonjoseph,calhounnathan
CLM000117,2022-03-04 03:01:52,Assigned,Their tend seat.,EXP00531,greenjeffrey,robertssandra
CLM000388,2024-02-23 23:36:27,Assigned,Suffer his tend artist.,EXP00226,ryanmartinez,coreycampbell
CLM000722,2023-07-07 03:25:34,Assigned,Pressure news southern green story.,EXP00543,rlee,thomas02
CLM000408,2024-05-03 19:22:50,Assigned,Bill information daughter though response security.,EXP00055,fhenderson,waynecobb
CLM000734,2024-04-07 17:23:51,Unassigned,Describe instead house opportunity sit.,EXP00769,nstrong,medinabenjamin
CLM000844,2022-03-26 12:29:16,Assigned,Arm institution few sometimes.,EXP00412,troy08,kelseybaker
CLM000800,2022-09-03 15:26:14,Unassigned,Plan debate future pay.,EXP00097,lesliebarnes,david87
CLM000196,2022-03-16 20:53:16,Unassigned,Pattern not perform pass.,EXP00562,alexander10,kimnicole
CLM000809,2022-11-21 20:40:14,Unassigned,Include local garden.,EXP00062,angelafernandez,william37
CLM000509,2024-11-02 12:11:40,Assigned,Positive these according city word.,EXP00107,christophergarcia,cbradley
CLM000193,2022-07-01 06:07:05,Unassigned,Notice suddenly future lead clear late event knowledge.,EXP00403,alyssa38,petersonjennifer
CLM000848,2023-01-14 17:52:02,Assigned,Use pressure sure exist.,EXP00598,xwalker,nstone
CLM000716,2022-09-05 21:58:42,Assigned,Owner source recognize between other.,EXP00020,bentleyashley,eanderson
CLM000390,2024-05-07 00:59:24,Unassigned,Wide east environment.,EXP00291,angela84,awilliams
CLM000969,2023-09-10 03:07:05,Unassigned,Several size toward face fight where partner.,EXP00016,charles53,thomaslyons
CLM000982,2023-06-06 01:32:37,Assigned,Machine spend measure leg.,EXP00754,jacqueline37,stephanie47
CLM000322,2024-09-01 02:43:37,Unassigned,Western however education service expert health who.,EXP00560,theresa18,okeith
CLM000950,2023-08-27 11:03:36,Assigned,Power set tell grow TV use need.,EXP00772,thomaselizabeth,patrickstephen
CLM000616,2023-12-21 06:34:03,Unassigned,Decade fish consumer that ball itself address.,EXP00217,williamjohnson,traviswarren
CLM000040,2024-04-05 07:16:33,Assigned,How evening successful hotel face staff tough.,EXP00226,umorrow,katie56
CLM000417,2022-04-28 11:36:55,Unassigned,Teacher include spring.,EXP00189,brenda04,hpayne
CLM000882,2022-04-27 10:29:53,Assigned,Million effect respond campaign summer education hour eye.,EXP00596,uruiz,iclements
CLM000456,2024-01-11 11:17:05,Assigned,If public car artist.,EXP00354,hebertjohn,coxsusan
CLM000219,2022-06-16 18:59:48,Assigned,Offer month eat little memory bring.,EXP00412,umorales,josephbauer
CLM000857,2023-10-25 10:51:39,Assigned,Her war family understand section also far.,EXP00222,kennedyaudrey,coxsandy
CLM000062,2023-10-21 06:08:49,Unassigned,Office can small watch front image skill education.,EXP00075,moorecorey,patelkaren
CLM000035,2023-08-11 18:13:48,Unassigned,Information author lead game perform bit.,EXP00031,jasonparker,sarahclarke
CLM000966,2022-10-20 13:55:25,Unassigned,Statement hold since far across gun.,EXP00118,desireesantos,dennisramos
CLM000341,2024-11-21 15:44:13,Unassigned,Area chair at difference food.,EXP00251,lwright,douglasallen
CLM000759,2023-09-30 14:01:08,Assigned,Model course stop building pattern worry.,EXP00143,chaveztanya,loganmark
CLM000103,2024-07-15 12:44:02,Assigned,Admit pass about development into country west.,EXP00706,amcbride,cgonzales
CLM000109,2023-02-05 13:21:36,Assigned,Over staff rise attorney.,EXP00219,hevans,lrobinson
CLM000388,2024-03-11 04:20:48,Assigned,Toward today activity fire foreign social mind president.,EXP00226,nealkaren,brownmargaret
CLM000820,2023-01-10 15:54:13,Assigned,Building chance similar other effort degree star most.,EXP00673,ian29,courtneygreene
CLM000533,2023-06-08 23:10:18,Assigned,Beautiful hear heart design try admit.,EXP00135,hollandkimberly,michael12
CLM000388,2022-07-16 07:59:35,Assigned,Forget look though.,EXP00623,ronaldanderson,swilliams
CLM000866,2024-10-06 14:13:20,Assigned,Be home base how past trial thing.,EXP00578,tiffanyyoder,amandayoung
CLM000805,2024-10-23 10:20:29,Assigned,One forward run its.,EXP00420,brian16,dunnanthony
CLM000353,2023-06-04 18:06:38,Unassigned,In reality speech represent almost lot yourself.,EXP00330,ohaley,hillrebecca
CLM000446,2022-11-03 07:17:00,Unassigned,Cut down while last.,EXP00755,gardnermonique,kyle01
CLM000383,2024-02-06 15:23:50,Assigned,Popular order expert.,EXP00449,zbeck,sarah03
CLM000125,2022-12-16 23:39:33,Unassigned,Room own pretty.,EXP00128,jrichardson,fuentesjeremy
CLM000898,2022-12-24 22:13:12,Assigned,Pull better miss wonder sometimes cause.,EXP00658,brett26,jessica92
CLM000770,2023-07-02 11:50:06,Unassigned,Risk stage pretty cold respond difficult.,EXP00156,brownjesse,ynunez
CLM000386,2022-05-03 10:43:58,Assigned,Newspaper important although hold budget.,EXP00744,laura73,aaronsalinas
CLM000435,2022-02-09 03:15:20,Assigned,Article individual myself section record ok.,EXP00715,steven99,khoward
CLM000088,2022-07-02 16:46:37,Unassigned,By letter statement these assume its.,EXP00091,lindsay25,yjohnson
CLM000682,2024-10-31 19:38:19,Unassigned,Education law person whole.,EXP00018,suzanne33,stephaniegilmore
CLM000393,2023-04-17 18:20:36,Assigned,Size score rock positive real especially.,EXP00471,chaseamanda,rileyherrera
CLM000099,2024-07-21 14:15:58,Assigned,Activity of deal approach east.,EXP00027,umcintyre,brockgwendolyn
CLM000944,2024-12-12 19:19:33,Unassigned,Ready just operation federal education network social responsibility.,EXP00327,eboyd,tim25
CLM000549,2022-06-05 20:48:56,Assigned,Cell short respond build attention later.,EXP00301,michelle69,jwalls
CLM000347,2024-10-03 14:57:58,Assigned,Somebody American believe western.,EXP00629,hobbssusan,charles58
CLM000583,2022-06-24 22:04:07,Unassigned,Home line rather billion yet them mother.,EXP00780,stephaniereed,arobinson
CLM000615,2022-11-10 01:17:49,Assigned,Happen class ask support drug any.,EXP00059,whawkins,erika62
CLM000680,2023-06-20 07:59:50,Assigned,Son wear small hair civil second.,EXP00651,fischeremily,samantha70
CLM000707,2022-02-19 04:39:14,Assigned,Feel seven production someone.,EXP00213,richardtucker,ckeller
CLM000429,2022-08-03 01:15:51,Assigned,Stage maybe safe institution.,EXP00427,zhowell,hoganphillip
CLM000624,2023-07-31 08:16:37,Assigned,Approach common cold like.,EXP00065,joesingh,suarezmolly
CLM000070,2024-08-05 17:31:33,Assigned,Answer painting until country.,EXP00739,carolyn17,megan24
CLM000128,2024-03-03 03:17:59,Assigned,Walk through anyone determine.,EXP00568,justinmartinez,allengregory
CLM000085,2023-09-01 02:38:35,Unassigned,Add bed a.,EXP00263,vanessa28,kristinaalvarado
CLM000798,2024-04-13 16:06:30,Unassigned,Then explain fund most by.,EXP00681,joycebeth,jonathan63
CLM000627,2024-07-02 19:44:38,Assigned,Opportunity network cover modern fine trouble pick.,EXP00521,jamielewis,benjamin27
CLM000214,2023-06-16 17:04:49,Unassigned,Idea trade billion growth series car different range.,EXP00314,aaron77,carrie43
CLM000588,2022-06-17 21:37:22,Unassigned,Leader grow left lead them.,EXP00107,robertbeasley,jkrueger
CLM000461,2022-08-18 14:27:28,Assigned,Person it open allow mind most together.,EXP00578,longbarbara,carolyncampos
CLM000648,2023-08-11 01:42:35,Unassigned,Discussion gas size heart.,EXP00660,karen16,ddavidson
CLM000441,2024-06-17 15:11:04,Unassigned,Ten not expect.,EXP00282,lindamiller,dixonholly
CLM000902,2022-02-23 00:24:53,Unassigned,Drive believe matter same.,EXP00088,matthew75,miguelyoung
CLM000918,2024-02-08 21:40:32,Assigned,Use every and conference.,EXP00607,hilljennifer,bookeramy
CLM000825,2023-12-21 09:57:01,Assigned,Worry field thank case team keep worry.,EXP00456,kelsey66,rdiaz
CLM000068,2024-10-31 06:14:20,Unassigned,Cover father with other long reality.,EXP00221,kristyjuarez,econway
CLM000484,2024-05-31 02:03:53,Assigned,Professor industry right radio.,EXP00312,wmiller,sellis
CLM000638,2024-10-25 19:28:34,Assigned,Environmental any team let child.,EXP00051,eriley,derekhansen
CLM000235,2024-09-05 15:17:03,Unassigned,Shoulder future leave.,EXP00176,williamslaurie,andersonrobert
CLM000406,2022-11-04 10:15:37,Assigned,Billion put so four note onto sister safe.,EXP00389,gonzalesphillip,weaverelizabeth
CLM000945,2024-10-26 23:51:55,Unassigned,Away fight church measure whether.,EXP00638,melissaalexander,aaron45
CLM000458,2022-06-14 08:04:59,Assigned,Become affect environment yes wrong.,EXP00738,alyssa63,wolfdavid
CLM000464,2023-02-21 14:13:34,Assigned,Cold human shake.,EXP00595,russell94,nguyenmichael
CLM000751,2022-05-03 09:34:17,Assigned,Serve pattern tree support.,EXP00515,myersjames,walterskathy
CLM000287,2024-03-11 05:01:14,Unassigned,Population action sea with focus half cell.,EXP00468,stevensdana,trevor95
CLM000026,2024-12-02 09:31:16,Unassigned,Question cost eight someone provide industry agreement final.,EXP00091,laurenhicks,john86
CLM000812,2022-11-30 19:35:03,Unassigned,Great nation top nature say support.,EXP00595,eric46,harrellchris
CLM000022,2023-09-08 04:19:12,Unassigned,Establish blue amount artist bill TV.,EXP00006,fnicholson,kentmartinez
CLM000304,2022-03-23 04:42:27,Assigned,Or executive popular alone.,EXP00396,derek81,millerlindsey
CLM000181,2023-05-30 23:45:49,Unassigned,No factor all charge chair.,EXP00432,fclark,sheaashley
CLM000552,2023-12-06 08:53:10,Assigned,Generation four not sport amount wind.,EXP00608,brandonaguilar,iboyle
CLM000104,2024-02-24 15:19:03,Assigned,Us police picture kind across.,EXP00485,cwong,emilysullivan
CLM000924,2022-03-25 02:16:51,Unassigned,Majority mother design fly however who force.,EXP00652,brittanyeverett,nancyclark
CLM000172,2024-12-16 03:45:53,Unassigned,Lose firm establish avoid friend.,EXP00383,elyons,amylucas
CLM000774,2022-06-26 14:53:21,Unassigned,Collection international house good fine.,EXP00454,fsanders,kellynoah
CLM000943,2023-01-25 00:02:28,Assigned,But me ok it.,EXP00025,hannah92,justin97
CLM000154,2023-07-31 13:28:39,Unassigned,If simply pick up.,EXP00728,christopherkoch,hatkinson
CLM000395,2024-10-24 15:50:08,Unassigned,Relationship adult particularly speech.,EXP00592,derrickblair,simpsonmichele
CLM000446,2023-12-21 19:58:24,Unassigned,Remember single fast eight shake left attention.,EXP00188,jonesamanda,ywood
CLM000860,2022-01-17 09:25:41,Assigned,My brother nature.,EXP00535,moniquebryant,john07
CLM000359,2024-02-29 12:24:07,Assigned,Probably focus fire travel.,EXP00589,eddie70,juanstevens
CLM000988,2024-12-25 04:01:43,Assigned,Action describe show reflect.,EXP00450,christineaguilar,glewis
CLM000756,2023-02-14 17:09:57,Assigned,Always health none student interview.,EXP00569,gregory85,marymedina
CLM000542,2023-12-28 01:03:19,Unassigned,Up fish they clear.,EXP00190,michaelcain,willisjames
CLM000760,2022-09-01 09:12:20,Unassigned,Positive want idea why.,EXP00399,audrey67,simmonsjustin
CLM000991,2023-07-30 21:56:07,Unassigned,Care occur number week degree building girl institution.,EXP00745,paula36,courtneywalters
CLM000219,2024-01-30 05:04:14,Unassigned,Buy party stock.,EXP00152,yhicks,nanderson
CLM000822,2023-04-05 14:07:38,Unassigned,Their professional really pay.,EXP00303,christopherschultz,dennis10
CLM000873,2022-10-28 10:32:41,Assigned,Film while writer activity.,EXP00049,krista82,vpierce
CLM000011,2023-01-10 04:49:35,Unassigned,Training media catch write music prove sign.,EXP00096,william97,smithstephanie
CLM000803,2022-12-07 02:11:40,Unassigned,Must walk participant range raise difference environment.,EXP00070,jessicaflores,jessicacole
CLM000348,2023-02-14 15:30:17,Assigned,Serve able throw role.,EXP00133,ucarter,jamesdyer
CLM000539,2022-10-11 10:43:52,Unassigned,Start step different like.,EXP00344,christopherforbes,brodriguez
CLM000795,2024-09-26 08:09:45,Assigned,Until response long piece purpose our.,EXP00425,edward56,santosandrew
CLM000055,2022-03-03 14:17:54,Assigned,Sign name city raise my.,EXP00617,riverskyle,pduncan
CLM000243,2024-03-14 06:33:15,Assigned,Green along condition act could.,EXP00525,wilsoncharles,marvin31
CLM000610,2023-03-28 09:13:05,Unassigned,Mention rich magazine practice authority per.,EXP00761,andrewsoto,evansjodi
CLM000614,2022-01-10 11:03:05,Assigned,Unit subject current.,EXP00347,williamstammy,jessica24
CLM000415,2022-08-09 02:01:34,Assigned,Lay number our various its part.,EXP00708,isanders,cody93
CLM000875,2023-09-07 09:22:06,Assigned,Great size home traditional town public.,EXP00043,gillsamuel,davisnicholas
CLM000683,2024-12-21 09:36:10,Assigned,Draw let American.,EXP00387,gregoryjessica,connor36
CLM000041,2023-05-09 19:30:57,Unassigned,Ability investment too information social clearly.,EXP00280,nicholas86,john94
CLM000565,2023-08-15 20:09:01,Unassigned,Say majority where style example.,EXP00007,allison64,curtismathew
CLM000286,2023-05-15 19:42:47,Assigned,Huge evidence up share security.,EXP00288,lross,robertskatie
CLM000963,2022-03-29 01:51:26,Assigned,Laugh boy themselves effort.,EXP00294,ortizkathryn,asmith
CLM000170,2023-01-07 14:43:09,Unassigned,Example task individual always.,EXP00136,misty75,samuel04
CLM000918,2024-05-31 08:08:51,Assigned,Care site throughout not mission certainly event want.,EXP00545,kelseyweber,wongnicole
CLM000295,2024-11-14 09:35:57,Unassigned,Building condition four.,EXP00253,charlesestrada,wallen
CLM000544,2023-08-24 19:57:56,Assigned,History article national concern start sport.,EXP00441,richard25,kelly84
CLM000981,2022-07-16 21:52:42,Assigned,Behavior suddenly statement social body consider night.,EXP00377,sthompson,cindywilliams
CLM000133,2024-11-27 03:45:44,Assigned,Above quite million on role then.,EXP00203,jamesjensen,matthew26
CLM000158,2023-06-07 13:26:19,Assigned,National easy story issue suddenly future.,EXP00271,christine51,robert41
CLM000621,2022-07-14 20:57:06,Assigned,Miss wrong off color.,EXP00252,robert93,martinezjennifer
CLM000841,2023-12-04 08:37:24,Assigned,Continue two around visit mouth popular.,EXP00496,natashareed,justingates
CLM000849,2024-06-22 18:44:45,Unassigned,Name near large fall call suffer.,EXP00767,sduran,tharrison
CLM000763,2024-08-20 16:34:22,Unassigned,Avoid move concern west.,EXP00601,johnbowman,lperez
CLM000717,2024-08-23 08:17:09,Unassigned,His week miss chair.,EXP00098,chapmanmelissa,michael75
CLM000782,2024-11-25 20:41:40,Assigned,Dream about cover ago have tell.,EXP00217,fmoore,frank43
CLM000817,2023-01-11 10:46:07,Unassigned,Prove until analysis player include.,EXP00196,phillipseric,jonathanmejia
CLM000288,2022-08-31 03:39:07,Unassigned,Surface candidate pick live century us business.,EXP00388,michael74,tracy09
CLM000425,2023-08-31 03:32:32,Unassigned,Industry young financial low today knowledge understand.,EXP00738,tinataylor,jcampbell
CLM000152,2024-09-14 20:56:18,Unassigned,Item worker fact allow.,EXP00068,julie19,kristin13
CLM000525,2024-06-04 06:06:39,Unassigned,Know direction second miss.,EXP00212,christopher25,matthewschad
CLM000894,2022-12-24 14:44:11,Assigned,Inside benefit could oil live perform front low.,EXP00351,whitney48,dana19
CLM000400,2024-07-09 04:06:34,Assigned,Hit finally long single sing area result.,EXP00444,dhernandez,reesemorgan
CLM000150,2022-11-22 14:41:17,Assigned,Cover manager chair summer movie subject there material.,EXP00341,weekspamela,edward80
CLM000225,2023-03-25 05:58:20,Assigned,Tax staff care kind partner teacher poor reduce.,EXP00245,johnkennedy,dustin29
CLM000023,2023-09-08 15:27:42,Unassigned,Pretty bring none drive weight team.,EXP00402,simsjesse,juliaparker
CLM000738,2024-03-26 18:03:39,Unassigned,Difficult south right together like.,EXP00556,christopher08,perkinsandrew
CLM000364,2024-08-27 17:32:50,Unassigned,Many like leg chance although soon lay.,EXP00643,james25,fernandezdouglas
CLM000927,2024-12-03 01:07:14,Unassigned,Claim cell try bed likely.,EXP00032,robert74,brittany28
CLM000497,2023-08-29 05:49:58,Unassigned,Ability smile class step cell thought.,EXP00383,jhernandez,shawn14
CLM000747,2024-12-30 10:42:59,Unassigned,Model include notice program hot already.,EXP00699,hopkinskevin,troyyoung
CLM000293,2023-04-02 13:17:39,Unassigned,Friend woman military off list whether there.,EXP00422,christopher09,eirwin
CLM000820,2022-03-06 03:08:06,Unassigned,Word either key do.,EXP00514,stephen12,fisherjennifer
CLM000752,2022-10-15 17:27:00,Unassigned,Inside pattern rock training card smile account.,EXP00497,woodanthony,isabel52
CLM000072,2022-02-22 01:16:51,Assigned,Firm research daughter president speech mean statement.,EXP00273,angela50,brandoncunningham
CLM000221,2023-09-22 06:43:56,Unassigned,Home see old test probably.,EXP00682,henryamanda,sandersjonathan
CLM000215,2023-08-15 05:12:10,Unassigned,North participant else third region.,EXP00173,obrown,riversmisty
CLM000468,2022-12-27 16:42:49,Unassigned,Discover son after near likely scientist.,EXP00382,cgutierrez,amandasmith
CLM000603,2024-02-05 14:50:49,Unassigned,That state other stuff.,EXP00043,tprice,jordanmichael
CLM000954,2024-05-28 15:39:14,Assigned,Side media main model may support.,EXP00621,danielwise,boydjames
CLM000614,2024-07-16 08:26:14,Unassigned,Floor worry same direction likely one newspaper reduce.,EXP00430,tmitchell,jamesmarshall
CLM000757,2023-07-05 02:34:09,Assigned,Edge born know smile.,EXP00731,jhamilton,tracibass
CLM000671,2024-01-25 11:39:56,Unassigned,Relate lot teacher bad want garden.,EXP00550,karen73,kcarr
CLM000826,2022-11-19 02:23:30,Assigned,Happen five marriage know these provide organization.,EXP00118,collinsalison,mking
CLM000946,2023-02-07 10:22:37,Unassigned,Or resource challenge.,EXP00262,tgreen,davisjoyce
CLM000208,2023-01-11 03:20:14,Unassigned,Although me analysis car.,EXP00224,kaitlynpennington,heatherwilson
CLM000468,2022-02-11 20:58:24,Assigned,Or professor wall free light pull bring.,EXP00595,murrayjamie,danielrubio
CLM000662,2023-04-04 11:02:16,Assigned,Two understand husband quite allow west other.,EXP00097,smithelizabeth,qgarrison
CLM000235,2022-10-20 11:39:26,Unassigned,Much factor employee law imagine list.,EXP00516,georgetracy,jasmine85
CLM000499,2022-07-04 11:47:23,Unassigned,Pay significant response member daughter middle.,EXP00216,john62,smithemily
CLM000771,2023-03-15 00:34:50,Assigned,Lose grow represent organization.,EXP00460,wkirk,michaelsmith
CLM000073,2024-08-01 03:10:37,Unassigned,Serious sister story.,EXP00001,morrisstephanie,jade24
CLM000652,2024-06-07 14:26:57,Unassigned,Expert tree name tell alone city health.,EXP00315,michaelrandolph,brobinson
CLM000917,2023-01-08 06:51:59,Assigned,Choice their four national.,EXP00105,xproctor,fischerbrian
CLM000608,2024-08-31 21:58:11,Unassigned,My just body serve trip or upon.,EXP00725,tphillips,dhill
CLM000962,2023-06-04 17:54:03,Assigned,Movie glass know meeting remember her artist peace.,EXP00633,zhull,jameslawrence
CLM000525,2022-10-26 02:10:22,Assigned,Offer drop stand model born.,EXP00430,martinphillip,jonesmichael
CLM000297,2024-07-31 22:02:07,Assigned,None thousand teacher kind fund how window order.,EXP00065,vickie88,barnesmegan
CLM000132,2024-09-29 18:36:30,Assigned,Pay let beautiful huge president for support gun.,EXP00471,gadams,ggarcia
CLM000767,2022-10-01 09:27:53,Unassigned,Tonight nation join outside become.,EXP00265,icarter,george67
CLM000519,2024-03-06 23:24:51,Assigned,Him new beyond upon serve education fall.,EXP00790,stevenhoward,derekjohnson
CLM000849,2024-01-27 21:19:33,Assigned,News ever design.,EXP00691,kholland,anthonyholt
CLM000814,2023-06-20 09:39:05,Unassigned,Morning choose three until these their.,EXP00568,james88,odonnellsheryl
CLM000158,2023-04-13 18:29:55,Assigned,Pay able traditional number.,EXP00478,jonesamanda,christopher70
CLM000074,2024-12-19 04:23:58,Assigned,Explain without significant PM week back debate.,EXP00750,usanchez,paul67
CLM000424,2022-01-16 03:21:43,Unassigned,Spend fear along anyone stay ahead individual upon.,EXP00497,jennifer09,connorhall
CLM000226,2024-10-06 09:07:17,Unassigned,West thus PM artist many read.,EXP00613,caincheryl,james32
CLM000481,2023-03-02 10:16:19,Assigned,Add traditional pressure who someone painting growth nice.,EXP00036,brittany20,zle
CLM000168,2022-01-21 03:10:15,Assigned,From already rate who investment property.,EXP00133,kellyzachary,morrisrobert
CLM000427,2022-10-30 10:31:48,Assigned,Might possible pay pick.,EXP00248,hpark,matthewhernandez
CLM000437,2024-04-24 06:52:27,Unassigned,Tell capital mother stay stuff firm yard.,EXP00495,natashaboyd,wpittman
CLM000644,2024-05-06 09:14:19,Unassigned,Call future decision approach before.,EXP00046,leahpetersen,pamela21
CLM000825,2024-04-08 20:07:45,Unassigned,Actually animal consumer four water big stay.,EXP00600,jonescarla,anthonysloan
CLM000360,2024-03-10 19:07:07,Assigned,Compare tonight particular dream rich.,EXP00501,paul11,john74
CLM000249,2022-06-02 19:19:53,Assigned,Maybe long each certain.,EXP00559,vking,mnelson
CLM000741,2023-01-03 19:06:31,Unassigned,Me end miss interview.,EXP00687,mark22,hammondsean
CLM000446,2022-10-04 15:42:26,Assigned,Over add behind budget.,EXP00109,wrightlisa,dawsoncourtney
CLM000134,2024-12-09 22:53:29,Unassigned,Sing security available sell.,EXP00541,michaelbailey,bowmanchristopher
CLM000372,2022-06-11 13:01:14,Unassigned,Seat mother feeling.,EXP00241,oallen,mclark
CLM000822,2023-12-12 17:42:14,Unassigned,Choice worry keep argue indeed car.,EXP00581,pricewanda,campbelltammie
CLM000313,2023-08-06 15:45:42,Assigned,As of term only product five night.,EXP00337,elizabethvasquez,ericgibbs
CLM000070,2024-11-09 17:07:10,Unassigned,Finally condition stage open catch sign six determine.,EXP00689,hortonkristina,barrjohn
CLM000322,2022-08-05 13:51:09,Unassigned,Everybody main stand morning economy.,EXP00589,andrew01,nmoore
CLM000753,2022-07-15 02:30:57,Assigned,Prepare audience religious training detail.,EXP00068,ghudson,shardy
CLM000950,2024-08-22 05:45:27,Assigned,Money hit behind always job.,EXP00161,christopherhammond,karenbaker
CLM000034,2022-07-04 10:49:42,Unassigned,Side road field book able seat finish century.,EXP00794,gonzalesvicki,amandasims
CLM000956,2024-03-20 15:28:57,Assigned,Family different deal fight individual purpose.,EXP00736,eortiz,itrevino
CLM000626,2024-05-28 08:28:42,Assigned,Positive wait actually past sometimes actually.,EXP00359,adrianaheath,tracybanks
CLM000066,2023-04-26 02:53:37,Unassigned,Our Democrat somebody station station.,EXP00442,usteele,edward35
CLM000461,2022-08-21 09:56:05,Assigned,Happen respond economy win different weight man.,EXP00577,fhaas,jennifer13
CLM000090,2023-04-22 05:51:27,Assigned,Among material make everything determine imagine.,EXP00219,stacykhan,april70
CLM000347,2022-04-23 22:39:46,Assigned,Last bit law lose artist sign.,EXP00181,danielle91,mark62
CLM000174,2022-04-01 06:37:31,Assigned,Animal return national need simply.,EXP00360,orobinson,zdiaz
CLM000877,2023-10-07 17:45:51,Assigned,Leg leader score idea capital PM.,EXP00051,sli,gomezrhonda
CLM000790,2022-11-22 10:18:41,Unassigned,Professional investment close forward language clear laugh.,EXP00363,gnoble,rachel74
CLM000699,2022-07-22 17:02:33,Assigned,Standard toward alone school.,EXP00133,johnmiller,kimtaylor
CLM000859,2023-02-02 20:18:10,Assigned,News response box see.,EXP00779,zachary67,susanmarsh
CLM000526,2024-10-15 06:28:32,Unassigned,People movement position life.,EXP00027,jeffreysmith,william12
CLM000868,2023-05-08 19:48:32,Assigned,Guess simply shoulder century full.,EXP00510,jeremy05,meredith38
CLM000978,2023-01-01 11:36:48,Unassigned,Myself democratic senior degree skin do recently.,EXP00656,jill09,vicki02
CLM000293,2024-11-17 04:48:10,Unassigned,Government always pass.,EXP00056,alexandersara,hutchinsonjeffrey
CLM000330,2024-12-20 07:15:12,Unassigned,Garden member million play.,EXP00483,jessicaedwards,alexanderthomas
CLM000118,2023-09-15 04:35:16,Unassigned,Practice for effect stuff throughout.,EXP00762,anthony68,medinachelsea
CLM000797,2023-06-21 10:14:54,Unassigned,Body billion central recent everybody able.,EXP00257,snavarro,snavarro
CLM000320,2023-11-30 22:20:08,Unassigned,Whether law suddenly probably relate these per.,EXP00180,daniel00,harryhopkins
CLM000758,2022-11-25 23:34:51,Unassigned,Also window commercial I role painting ok.,EXP00576,darrellbaird,bavila
CLM000351,2022-12-15 20:03:55,Unassigned,Other let himself and.,EXP00024,ncooper,robertthomas
CLM000724,2022-08-25 02:24:43,Unassigned,Score on between as continue.,EXP00563,tiffany74,donna84
CLM000936,2024-07-23 23:48:58,Unassigned,Various raise line method wind possible media.,EXP00551,donna12,robertsstanley
CLM000645,2024-03-05 01:39:08,Unassigned,Product part film she as.,EXP00743,diazphillip,eduncan
CLM000848,2024-04-21 10:17:17,Assigned,Hair prepare expect power student economy through.,EXP00647,lynchsteven,randallfelicia
CLM000987,2023-08-31 10:07:52,Unassigned,Section office student war memory where item.,EXP00683,nicoleperkins,brandoncook
CLM000724,2022-02-05 04:49:36,Assigned,Gun community message politics.,EXP00466,jacqueline23,morrismary
CLM000090,2022-06-22 06:19:40,Unassigned,Would western situation least party similar.,EXP00066,steven46,valerie45
CLM000254,2022-09-28 12:50:55,Assigned,Type several although.,EXP00201,tsmith,juan41
CLM000376,2024-04-29 01:29:54,Unassigned,Inside reach exist model someone wish.,EXP00527,craig63,mariahubbard
CLM000075,2023-08-22 23:10:09,Unassigned,Many civil network white.,EXP00494,sarabeard,elizabeth27
CLM000535,2023-11-13 21:30:46,Unassigned,Room rise any those almost himself enter.,EXP00580,james92,wvincent
CLM000462,2022-05-07 19:38:42,Assigned,Step bar discover certainly term tree senior guy.,EXP00410,larryschroeder,sarahjuarez
CLM000999,2024-02-15 23:52:27,Assigned,Run decide media about station talk improve.,EXP00502,rubiomegan,joshuasullivan
CLM000530,2023-08-25 01:15:35,Assigned,Thus side low everybody.,EXP00660,jenniferwells,lrojas
CLM000618,2022-04-12 12:26:41,Unassigned,Economic lawyer financial thing future situation.,EXP00362,timreynolds,rebekah11
CLM000006,2022-12-08 16:06:26,Unassigned,Easy drop employee military happen design without.,EXP00219,heathersantiago,timothy58
CLM000201,2023-07-20 09:26:02,Assigned,Catch car say want.,EXP00015,nmiller,patty22
CLM000439,2023-04-28 17:58:29,Assigned,Policy most because never military.,EXP00123,reedstacy,marcus79
CLM000743,2022-06-09 13:20:38,Unassigned,Way represent I line public price today.,EXP00135,susankrueger,nrojas
CLM000267,2022-05-10 20:42:07,Assigned,Near international yard.,EXP00467,oholmes,kathy36
CLM000319,2024-05-23 03:00:08,Unassigned,Knowledge class finally buy.,EXP00363,englishrichard,robinspencer
CLM000840,2024-09-09 14:37:31,Unassigned,Capital create book stuff.,EXP00576,jackiesosa,christopherbarnes
CLM000552,2023-01-21 12:19:01,Unassigned,Manager than computer blood.,EXP00463,mdavid,ygentry
CLM000919,2022-11-28 16:20:00,Assigned,Respond include avoid daughter big others herself two.,EXP00249,robertflores,henryjohn
CLM000585,2024-07-21 06:40:40,Unassigned,Set child evidence federal she difference his.,EXP00330,kayla98,nmendoza
CLM000307,2024-10-10 21:25:25,Assigned,Agency direction sea example off.,EXP00193,pdunlap,evanchapman
CLM000554,2022-08-01 18:06:04,Assigned,Series white husband still those.,EXP00207,jennifer58,butlerjeffrey
CLM000303,2024-05-16 06:09:38,Unassigned,Travel candidate family.,EXP00526,madisonduncan,john33
CLM000713,2024-03-21 08:11:52,Unassigned,Sense health home tend far.,EXP00187,adam55,woodardmichael
CLM000463,2022-09-15 01:16:49,Assigned,Visit author while item perhaps campaign.,EXP00044,matthew64,ecoleman
CLM000735,2022-05-23 03:35:34,Unassigned,Me down need beautiful.,EXP00631,conradjanet,mccallkatherine
CLM000744,2022-11-03 10:54:19,Assigned,Realize bar will.,EXP00578,zhernandez,mariah61
CLM000392,2022-11-30 12:09:08,Unassigned,Program specific loss trade return.,EXP00423,simmonsariel,qwright
CLM000274,2022-04-23 13:23:55,Unassigned,Fact long summer by like become.,EXP00347,xjohnson,anthonyhoward
CLM000844,2024-09-08 06:27:24,Assigned,Challenge machine hit cold rock window office Mr.,EXP00178,christopher77,fieldsandrew
CLM000074,2023-06-03 19:17:51,Unassigned,Line necessary feel.,EXP00265,debramiller,scottsmith
CLM000085,2023-11-20 00:27:02,Assigned,Start idea let play poor.,EXP00597,morganpatrick,stacy06
CLM000194,2022-08-18 14:09:17,Assigned,Door yeah writer nice ten despite kind sell.,EXP00589,anthony78,alexanderhughes
CLM000936,2022-07-07 23:35:15,Unassigned,Fall fish standard more easy activity laugh.,EXP00080,michael87,ewilkins
CLM000673,2024-02-27 07:25:42,Unassigned,Take ahead health.,EXP00185,erikafoster,everettdavid
CLM000114,2023-10-28 13:21:14,Assigned,Scientist no million figure now likely.,EXP00747,victoriavazquez,jenniferscott
CLM000955,2024-06-02 07:39:52,Assigned,Especially run before food everyone.,EXP00650,brucebates,beverly34
CLM000054,2023-12-28 18:30:03,Assigned,Piece reason enter first.,EXP00264,powellkyle,rebeccagoodwin
CLM000614,2022-03-11 20:07:06,Unassigned,Civil return agency already business.,EXP00483,leroy71,brandonmason
CLM000217,2023-11-27 22:27:38,Unassigned,Address well whatever doctor share agent.,EXP00713,vargasjessica,tinamorgan
CLM000052,2022-12-13 00:43:12,Unassigned,Option evening stay dog age.,EXP00412,maddoxcynthia,jean26
CLM000826,2023-09-22 21:30:59,Unassigned,Single couple others them have up relate.,EXP00604,wsalas,katherine74
CLM000602,2022-05-24 09:03:46,Unassigned,Low prove result inside recently.,EXP00511,whitekrystal,derekperkins
CLM000871,2024-02-07 08:45:00,Assigned,Thank strong feel adult break.,EXP00363,stephen54,jaclynsandoval
CLM000549,2024-10-17 09:03:59,Unassigned,Story early pattern age reason.,EXP00654,barbara25,benitezmaria
CLM000496,2022-10-09 00:26:54,Unassigned,State affect control.,EXP00634,melissa96,melissa72
CLM000898,2024-07-29 05:09:21,Unassigned,Trouble oil study write same medical air.,EXP00373,whitneymartin,julie73
CLM000803,2022-02-16 15:51:58,Assigned,Old realize range if others represent drop.,EXP00636,james88,kyle24
CLM000474,2023-04-15 06:58:22,Unassigned,Degree low majority face.,EXP00739,jennifersmith,ashleemcintyre
CLM000996,2024-09-18 07:16:42,Unassigned,See house never.,EXP00036,heathersmith,pknight
CLM000816,2023-08-13 04:57:40,Unassigned,Sound material little tend.,EXP00459,michaelconley,shannonmartinez
CLM000194,2022-07-31 18:35:25,Unassigned,Design real city they role.,EXP00087,aaron99,uvalencia
CLM000116,2023-04-28 13:42:57,Unassigned,Remain turn shoulder trouble water.,EXP00746,kaitlyn31,penningtonkathryn
CLM000430,2022-12-17 01:27:41,Assigned,Available sea prepare develop.,EXP00351,xnolan,boyleshawn
CLM000948,2023-10-14 18:59:17,Unassigned,Last between those true wall hard individual.,EXP00607,codywarren,fmartin
CLM000654,2022-05-04 16:53:16,Assigned,Foot soldier street.,EXP00059,angelawoodward,sbarrett
CLM000996,2024-06-05 19:09:47,Unassigned,State company machine ever computer card executive.,EXP00609,williamsalexis,christine52
CLM000373,2022-12-14 16:11:12,Assigned,Well stand manager my make learn official.,EXP00257,brownholly,xcohen
CLM000045,2023-03-12 10:55:44,Assigned,Myself skill change stand eat result attorney.,EXP00371,thomasochoa,aprilhernandez
CLM000249,2023-11-04 02:00:39,Unassigned,Speak need ready then.,EXP00254,johnthompson,twashington
CLM000624,2024-11-14 08:24:50,Unassigned,Thing loss present.,EXP00478,longolivia,mcculloughjuan
CLM000995,2022-07-02 19:55:54,Assigned,Follow administration news could here.,EXP00796,dennis18,jhines
CLM000045,2023-05-09 20:59:13,Unassigned,Center indicate you ground.,EXP00358,carolgarza,carriealvarado
CLM000499,2022-08-05 01:33:39,Assigned,Race wall history structure letter admit.,EXP00576,nmitchell,ryan54
CLM000049,2024-04-18 21:42:17,Assigned,Office hundred growth our glass generation cut likely.,EXP00027,jamestiffany,alannolan
CLM000926,2024-11-01 04:36:42,Unassigned,Strong marriage hot history rest subject.,EXP00476,ryan66,kingmichael
CLM000210,2022-02-14 11:17:25,Assigned,Or they tough model.,EXP00546,snowgrant,darius39
CLM000352,2022-07-14 21:42:12,Unassigned,It even lay grow suggest student.,EXP00548,jennifer07,jasminekennedy
CLM000527,2023-11-29 10:23:46,Unassigned,Drive improve wish four.,EXP00781,kevinbecker,holly46
CLM000191,2024-08-22 09:27:10,Assigned,Occur class hope what describe.,EXP00761,rick19,ravensteele
CLM000878,2024-10-20 05:54:05,Assigned,They while hour role fish TV change.,EXP00573,jodi13,rossdonna
CLM000555,2022-09-04 23:55:39,Unassigned,Help begin maybe full available.,EXP00056,rayashley,jeffreymartin
CLM000047,2022-11-15 16:24:14,Assigned,Everyone soon people quite recognize magazine information.,EXP00502,sherry42,handerson
CLM000898,2023-07-07 15:09:08,Assigned,Can situation best nor close future subject.,EXP00306,richarddavis,josewhite
CLM000540,2024-05-08 16:23:30,Unassigned,Exist range accept than who.,EXP00059,christopher43,pattersonsara
CLM000325,2024-12-28 21:36:48,Unassigned,Political seem treatment measure.,EXP00736,zshort,smithbridget
CLM000421,2024-01-26 08:09:43,Assigned,Protect attention manager more quickly girl catch a.,EXP00206,devingriffin,allisonruiz
CLM001000,2022-09-19 02:23:53,Unassigned,Two where huge.,EXP00795,annmay,michelle00
CLM000144,2022-12-09 05:18:57,Assigned,One ground wish either foreign theory prove.,EXP00083,alexandriagardner,felicia87
CLM000420,2024-07-21 05:49:52,Assigned,Level sport act medical.,EXP00389,navarrorichard,martha30
CLM000359,2023-04-05 14:07:02,Unassigned,Blue cup necessary heavy law page watch.,EXP00509,zhernandez,michelleneal
CLM000156,2023-06-02 22:08:59,Unassigned,Sing short couple within report.,EXP00307,hamiltonjessica,tcrawford
CLM000889,2022-08-05 09:02:13,Unassigned,Per though fine beyond such win base boy.,EXP00173,amurillo,ewood
CLM000840,2022-04-03 02:26:45,Unassigned,View room paper seem.,EXP00559,alex27,ysteele
CLM000995,2022-02-12 07:40:23,Unassigned,View administration dog sit trial.,EXP00633,kylemiller,jamesjenkins
CLM000007,2024-06-15 22:52:17,Assigned,Customer sort type interview condition option.,EXP00081,kevinjimenez,james00
CLM000585,2022-07-24 10:02:59,Unassigned,Tree current first once practice decade each.,EXP00737,bradleyerickson,chelsea57
CLM000343,2024-12-24 23:04:24,Unassigned,This address really start bed with.,EXP00529,nbrown,andrewclarke
CLM000995,2024-08-27 20:38:42,Assigned,Forward than scene staff baby thought none.,EXP00015,christina31,brendafarmer
CLM000964,2022-10-17 11:10:10,Assigned,Involve agree television serious cover offer.,EXP00458,charles81,patrickcaldwell
CLM000934,2024-12-12 15:40:56,Unassigned,Exist point year water word hundred pick.,EXP00305,francisco92,cynthiarice
CLM000981,2022-12-15 07:45:36,Assigned,Right treatment class state father design home.,EXP00530,ramirezjoshua,joseph61
CLM000102,2022-01-29 11:22:43,Assigned,Lawyer no question office nearly born.,EXP00133,jameswashington,kaylamiddleton
CLM000574,2022-02-17 12:49:05,Unassigned,Summer everyone lot never.,EXP00625,bsanchez,rebecca13
CLM000677,2022-11-15 10:03:39,Assigned,Rock beyond month among production accept.,EXP00525,cmyers,mcole
CLM000824,2022-07-09 06:33:42,Assigned,Direction institution officer partner magazine people.,EXP00568,adam66,pattersonamy
CLM000968,2022-02-15 03:31:32,Unassigned,Already attorney learn officer why interview.,EXP00325,anita39,paulamurphy
CLM000719,2023-09-29 01:30:34,Assigned,Everyone national structure.,EXP00632,hensonerik,brandon04
CLM000848,2022-10-07 02:44:16,Unassigned,Including air together left.,EXP00029,qnunez,thomasnatalie
CLM000988,2023-05-04 02:21:05,Assigned,Factor public national heavy.,EXP00485,alyssa48,paulabowen
CLM000563,2023-03-31 05:24:37,Assigned,Support benefit then every.,EXP00420,rhall,jonathonjackson
CLM000481,2023-03-16 20:53:49,Assigned,Democratic Democrat huge improve listen available.,EXP00041,ryandavis,asanders
CLM000002,2023-08-13 11:47:26,Unassigned,Risk reason several trouble ready.,EXP00089,pjones,qgarza
CLM000845,2022-05-26 01:39:42,Unassigned,Inside skin huge who.,EXP00288,mmartinez,lward
CLM000137,2024-05-21 02:04:12,Unassigned,Set mention mean Republican.,EXP00164,isantiago,smithmaria
CLM000824,2024-03-22 02:21:56,Assigned,Way next people really bank.,EXP00374,wsweeney,gbeltran
CLM000385,2024-06-10 17:50:57,Assigned,Couple buy week.,EXP00789,afrancis,andrewwise
CLM000668,2023-07-24 12:17:57,Unassigned,Together laugh everything whom with since rich international.,EXP00750,rsolis,taylorrobert
CLM000662,2022-03-12 08:35:20,Assigned,These represent citizen condition.,EXP00001,gsmith,qrobinson
CLM000245,2023-08-09 09:24:14,Assigned,Decide company building can the property.,EXP00756,ievans,adam30
CLM000495,2022-08-31 05:39:53,Unassigned,Child send million near ability knowledge.,EXP00293,robert84,jennifer35
CLM000477,2024-09-06 08:07:21,Assigned,Free animal significant nature lawyer ago support.,EXP00560,ehill,kcarson
CLM000674,2023-03-04 04:50:22,Assigned,Somebody yes Congress military skill.,EXP00208,parkerrobert,fyoung
CLM000379,2024-09-21 20:29:22,Unassigned,Only ago conference effort.,EXP00081,gsanford,andre81
CLM000170,2022-01-20 16:27:39,Unassigned,Employee church message news either.,EXP00641,brady58,collin17
CLM000838,2023-02-04 07:09:23,Assigned,Scene name ago watch toward lose.,EXP00351,erin50,uhaney
CLM000270,2023-11-03 20:06:23,Unassigned,Region ten gas hand ground teacher evening.,EXP00141,sandraflynn,brianphillips
CLM000534,2022-03-14 14:34:35,Assigned,Open wish his feeling represent.,EXP00725,erikmontes,william34
CLM000142,2023-07-17 01:26:54,Unassigned,Whatever investment whom rock want safe stand.,EXP00386,moorestephanie,sarah94
CLM000410,2022-10-23 00:07:32,Unassigned,Truth meeting animal which fish.,EXP00192,robinsonpatricia,andreathomas
CLM000829,2024-03-02 06:41:05,Unassigned,Hit grow summer money series bill.,EXP00556,nsanchez,zcooper
CLM000333,2024-04-08 12:54:44,Assigned,Month whose term.,EXP00573,kelly47,kevin83
CLM000447,2023-10-10 21:34:50,Unassigned,Popular knowledge check.,EXP00496,travis62,drichardson
CLM000736,2023-11-02 14:10:58,Assigned,Tree them report fish.,EXP00373,jenniferphelps,marknelson
CLM000130,2024-11-13 16:46:14,Assigned,Traditional contain inside degree themselves firm here from.,EXP00260,blankenshipsarah,carneysusan
CLM000367,2023-05-29 18:35:28,Assigned,Him drop even short.,EXP00487,tiffanyespinoza,jeffreyphillips
CLM000582,2023-01-03 07:30:54,Unassigned,Deal stand than author professional do say.,EXP00145,kingscott,jenniferjohnson
CLM000592,2023-09-12 06:17:44,Unassigned,Note international American among discussion.,EXP00748,sherry09,richardphillip
CLM000666,2023-07-26 10:55:55,Assigned,Item serious read free blood leg.,EXP00201,abaker,lindsaygardner
CLM000772,2022-10-25 12:39:15,Assigned,Enjoy development leg although another himself certain.,EXP00424,jennifer39,zcarrillo
CLM000040,2023-03-06 14:35:49,Assigned,Anyone Republican beautiful society authority leader.,EXP00659,gnichols,tyler60
CLM000211,2023-08-02 18:18:27,Unassigned,Better situation particular evidence speak.,EXP00002,zachary80,singhshannon
CLM000397,2023-03-18 17:24:24,Assigned,Game human expect which skin.,EXP00434,kenneth78,nathanielrodriguez
CLM000677,2024-09-05 08:18:32,Unassigned,Too gas case actually month various manage.,EXP00274,pmartinez,whitakercharles
CLM000565,2022-07-18 13:28:48,Unassigned,Score Mr interview thousand realize start.,EXP00527,gordontimothy,fnunez
CLM000951,2022-10-05 19:57:25,Unassigned,West network mention picture wrong.,EXP00377,moorebryan,henry93
CLM000452,2022-01-31 11:46:42,Assigned,Risk capital natural understand sing police.,EXP00571,nicholsashley,ewillis
CLM000034,2023-09-19 20:40:36,Unassigned,Stuff college management fund final however.,EXP00243,elizabethsmith,martinhernandez
CLM000564,2023-08-24 15:52:17,Unassigned,Usually imagine unit.,EXP00654,amandayates,tinaorozco
CLM000928,2023-11-11 12:32:53,Unassigned,Affect watch from page town need Republican rise.,EXP00445,qlopez,xwoods
CLM000689,2022-02-08 05:01:35,Assigned,Positive guy agent impact both cell skill.,EXP00623,paula69,qbray
CLM000789,2022-01-30 23:46:57,Unassigned,Woman education manager everyone daughter.,EXP00695,jamie49,rhubbard
CLM000682,2022-11-10 02:23:25,Assigned,Real push quite already.,EXP00062,brittany50,jessica58
CLM000531,2022-02-23 09:11:10,Assigned,Voice beyond lead look great.,EXP00596,reynoldsmichele,wileyralph
CLM000180,2022-01-14 16:51:49,Assigned,Take rise require analysis room law.,EXP00294,jessica37,wallacemeghan
CLM000644,2023-02-13 16:55:56,Unassigned,Gun where add put.,EXP00063,sosarichard,rosssamantha
CLM000921,2023-02-03 12:44:41,Unassigned,Heart increase stage down.,EXP00443,trodriguez,cooperwilliam
CLM000652,2024-07-29 10:34:23,Assigned,Southern service herself dark think total simple share.,EXP00399,paul34,richard68
CLM000029,2023-11-14 17:39:32,Assigned,Care must choose company professional.,EXP00699,bakermelissa,michaeldiaz
CLM000464,2023-03-25 04:08:38,Assigned,Reveal stock somebody north election speak.,EXP00430,imoore,stanley68
CLM000059,2024-10-24 06:37:48,Unassigned,Base street impact much.,EXP00774,olsonsherri,steven46
CLM000428,2023-04-05 17:40:08,Assigned,Sort probably direction body.,EXP00407,mcclainbrooke,ubrown
CLM000762,2023-10-01 06:18:35,Unassigned,Explain weight fight set.,EXP00750,pkoch,iburns
CLM000909,2022-02-06 16:45:47,Assigned,Live bar myself hotel guess contain truth organization.,EXP00090,fieldskayla,brendamoore
CLM000518,2023-10-23 22:02:59,Assigned,West pay show various idea.,EXP00144,tnelson,judith90
CLM000535,2022-08-17 14:45:04,Assigned,Agency father class Congress.,EXP00674,jeremycisneros,annaparks
CLM000975,2022-04-10 15:39:00,Unassigned,Despite main mouth.,EXP00706,gregory94,melvin41
CLM000089,2023-09-02 14:43:05,Assigned,Interest decade kid career group child.,EXP00775,dillonjessica,feliciasmith
CLM000746,2022-12-08 21:07:56,Assigned,Fish now agreement begin accept task eat.,EXP00117,colemanpaula,ksmith
CLM000223,2023-05-15 20:53:12,Unassigned,Forward senior despite size around issue.,EXP00785,thomastownsend,pattersonjodi
CLM000685,2023-09-24 20:32:28,Assigned,Avoid style point arm prove work.,EXP00095,carlos68,imitchell
CLM000652,2023-01-29 17:24:47,Unassigned,Deal boy hope before near everyone.,EXP00308,eramsey,reevesjoseph
CLM000172,2022-07-29 20:04:01,Assigned,Something fight know fall on.,EXP00410,damon86,ashleyanderson
CLM000759,2023-09-24 19:37:44,Unassigned,Seem seem tax rule capital include.,EXP00444,emilyjordan,mcgrathdavid
CLM000844,2023-04-23 11:06:41,Assigned,Prove scientist shake least fly college turn believe.,EXP00017,romerobrian,erik36
CLM000082,2022-05-18 00:36:49,Assigned,Three less policy form nothing himself.,EXP00487,alexandraramirez,selenathompson
CLM000750,2023-09-18 23:54:07,Unassigned,Agency energy during feel cover drive.,EXP00139,jhunter,olsencatherine
CLM000708,2024-10-28 03:34:17,Assigned,Per property material off fine.,EXP00039,rogersjonathan,jeremy22
CLM000209,2024-04-07 15:55:15,Unassigned,Ball include account player member public within key.,EXP00212,krobbins,anthonysanchez
CLM000656,2023-09-04 13:41:17,Unassigned,Shoulder turn serve should so.,EXP00557,ginaryan,nealwhitney
CLM000578,2024-09-09 21:48:43,Unassigned,Inside coach sometimes picture let growth.,EXP00139,ufrancis,vanderson
CLM000710,2022-05-12 08:51:15,Unassigned,Section share where effort star such direction marriage.,EXP00083,tiffanywalker,jacqueline85
CLM000394,2024-06-18 19:48:34,Assigned,Hold himself quite scientist worker.,EXP00266,xconner,danielmanning
CLM000761,2023-12-21 23:02:57,Unassigned,Fast product magazine clear.,EXP00120,dperry,andrewmiller
CLM000587,2024-06-27 21:45:12,Assigned,Key ahead position discuss few environmental subject.,EXP00230,harperjulie,brittany09
CLM000074,2023-09-12 00:08:13,Unassigned,Court project suggest system professor hope stock.,EXP00356,douglasroberts,jacosta
CLM000654,2024-04-12 05:14:17,Assigned,Indeed table herself.,EXP00174,baileygina,carpenterjack
CLM000469,2022-09-19 03:29:39,Unassigned,Beat official worker every man Congress the.,EXP00182,loveelijah,smurray
CLM000893,2024-02-04 13:32:14,Unassigned,Field person understand at huge wear eye.,EXP00460,mperry,ogill
CLM000061,2024-01-19 12:10:10,Assigned,Trial bit those and.,EXP00591,choijason,hughesjennifer
CLM000396,2024-01-08 16:21:10,Assigned,Course little single short foreign develop seem.,EXP00075,elizabethfranklin,aclark
CLM000784,2022-07-03 21:47:00,Assigned,Region successful chair agent identify.,EXP00179,bbrown,aguirreamanda
CLM000391,2023-10-27 01:02:26,Assigned,Him prepare forget between.,EXP00511,randall26,kaylarivers
CLM000017,2023-04-12 23:16:32,Assigned,Remember west authority feel occur player.,EXP00787,colebrandon,bakerrhonda
CLM000471,2024-11-08 19:15:28,Unassigned,Model country condition fund those Republican also hair.,EXP00118,valeriepratt,teresa50
CLM000378,2023-11-05 18:45:07,Assigned,War author first type off last.,EXP00629,scottmitchell,browndeborah
CLM000990,2023-02-06 09:17:40,Unassigned,Interest hour reality chance bring.,EXP00004,kenneth92,suarezmichelle
CLM000498,2024-02-04 04:50:59,Assigned,Lose guy common tax street.,EXP00579,davidboyd,lindsey17
CLM000783,2024-10-09 21:15:23,Assigned,Hot drop baby board door line thank door.,EXP00209,kristin32,probertson
CLM000232,2024-08-14 19:33:27,Assigned,Born between number table her condition wonder.,EXP00176,breanna00,elizabeth49
CLM000024,2022-08-03 17:55:43,Assigned,Environmental picture design fear popular claim despite.,EXP00012,lewisbetty,hjohnston
CLM000313,2022-10-04 19:45:18,Unassigned,Vote enter see trip.,EXP00191,patrickmayo,taylorflowers
CLM000554,2024-12-06 19:46:53,Unassigned,Cold may wish.,EXP00264,nalexander,debralopez
CLM000538,2022-12-29 00:51:05,Assigned,Leader hair treatment town seven although health sense.,EXP00493,thompsonjulia,tiffany52
CLM000664,2023-08-03 04:43:14,Unassigned,Respond mission can listen nearly provide.,EXP00430,calvin79,ptaylor
CLM000815,2022-03-31 08:54:41,Unassigned,Idea like piece senior glass free fight performance.,EXP00453,kevinmason,rmiller
CLM000399,2022-06-19 07:44:08,Assigned,Modern edge but heart grow high type.,EXP00239,cameronjoseph,scampbell
CLM000439,2023-04-01 23:07:12,Unassigned,Finally behavior walk general Mr.,EXP00661,milleranna,psmith
CLM000113,2023-01-21 16:55:47,Unassigned,Amount child effect defense the space moment.,EXP00290,vaughnmatthew,edwardkennedy
CLM000082,2022-05-25 19:12:42,Unassigned,Suddenly southern company lay paper part foreign.,EXP00313,frazierlatoya,lopeznancy
CLM000952,2022-10-04 18:46:06,Unassigned,White right in risk reflect think physical local.,EXP00037,qhuffman,james06
CLM000346,2024-08-01 12:58:18,Unassigned,Light without relationship book at continue.,EXP00181,blong,williamsmatthew
CLM000225,2024-08-05 01:04:45,Unassigned,She citizen detail information glass since.,EXP00373,elizabeth40,james04
CLM000320,2023-01-24 12:43:06,Unassigned,Minute your that market force.,EXP00159,christinageorge,jramos
CLM000349,2022-06-04 09:04:41,Unassigned,Situation set she always somebody.,EXP00385,gthompson,mary45
CLM000040,2022-05-10 03:39:16,Unassigned,Cultural challenge eat guy.,EXP00232,williamsjessica,qbest
CLM000228,2024-07-15 10:56:05,Unassigned,Magazine whatever figure cup during billion when.,EXP00073,imendez,jonesgary
CLM000358,2023-02-10 22:55:59,Assigned,Glass none majority left.,EXP00131,hjensen,martinjason
CLM000496,2024-04-04 20:13:45,Unassigned,Final spend town main name among truth capital.,EXP00195,robert97,ashley47
CLM000210,2022-06-22 14:25:59,Unassigned,Toward student service contain them plan.,EXP00053,christineeaton,bschwartz
CLM000727,2022-06-09 06:23:25,Unassigned,Cell better edge order matter outside enjoy.,EXP00616,lunakathryn,gpierce
CLM000299,2024-11-29 18:42:52,Assigned,Experience important same reality throughout account the.,EXP00339,jennifer41,fpatterson
CLM000166,2022-02-12 21:41:43,Assigned,Sport today reality fund lose staff improve stay.,EXP00188,karen52,lindajohnson
CLM000185,2023-09-25 16:58:54,Assigned,Pressure star necessary month society close economic.,EXP00182,ryan62,wsloan
CLM000680,2022-12-03 12:22:44,Unassigned,Talk environmental personal yeah administration.,EXP00268,tlyons,thompsonjohn
CLM000552,2022-04-18 10:38:43,Unassigned,Moment should act ready eye simple.,EXP00446,ldennis,kimberly68
CLM000540,2023-09-22 11:55:04,Assigned,Lay American first deep.,EXP00626,zjenkins,davidbrown
CLM000605,2023-06-02 13:27:49,Assigned,Discover carry food.,EXP00140,qgarcia,acox
CLM000485,2022-04-12 03:27:05,Assigned,Language form natural mission help.,EXP00653,udiaz,uspears
CLM000673,2022-03-18 12:54:25,Assigned,Between economic democratic process.,EXP00353,gregorymiller,sextonalbert
CLM000313,2022-04-05 23:20:07,Assigned,Image memory ever ok.,EXP00672,nicholaspalmer,vharvey
CLM000795,2023-06-19 16:59:42,Assigned,Chair dog certain others.,EXP00642,collinsjoshua,gschultz
CLM000071,2023-01-09 07:07:29,Assigned,Question feeling head entire ever anyone than.,EXP00427,stevensruben,brownnicole
CLM000276,2023-09-10 18:28:30,Assigned,Card cause local model design.,EXP00735,ruth70,smithcorey
CLM000557,2024-01-03 23:30:17,Unassigned,Authority fall want reflect answer expert.,EXP00168,jessica51,slee
CLM000421,2023-08-01 18:01:01,Unassigned,Ten data form article industry authority.,EXP00576,nashxavier,jenningsjoseph
CLM000774,2024-04-20 02:51:42,Assigned,Recognize a lose present painting.,EXP00769,taylorkevin,stevenmorrison
CLM000901,2024-10-29 13:59:49,Assigned,Response image ball short cover develop draw pay.,EXP00462,lmartinez,whitedonna
CLM000744,2022-09-29 01:37:14,Unassigned,Represent teacher parent world question specific.,EXP00422,gregory59,douglas72
CLM000240,2023-02-27 09:09:04,Unassigned,Peace air late nice while represent theory.,EXP00647,shannonpeterson,lindabaker
CLM000232,2022-10-08 18:59:40,Assigned,Measure director baby figure forget pass compare sing.,EXP00577,kstanton,michelledurham
CLM000113,2022-05-13 16:34:30,Unassigned,Bed just good enter imagine alone.,EXP00451,caleb66,stephanie58
CLM000140,2022-12-05 06:28:01,Unassigned,Thousand leave green quite field quality able.,EXP00687,hector39,calebwyatt
