ClaimNumber,FirstName,LastName
CLM000001,Stephanie,King
CLM000002,Benjamin,Jones
CLM000003,Erik,Miller
CLM000004,Julie,Dennis
CLM000005,John,Khan
CLM000006,Devin,Jones
CLM000007,Rebecca,Johnson
CLM000008,Laura,Wilson
CLM000009,Billy,Hill
CLM000010,Jill,Wise
CLM000011,John,Ball
CLM000012,Shawn,Bernard
CLM000013,Sharon,Mitchell
CLM000014,Carla,Liu
CLM000015,Sean,Rodriguez
CLM000016,Meghan,Ponce
CLM000017,Carrie,Frank
CLM000018,Christopher,Garcia
CLM000019,Bethany,Chavez
CLM000020,Kevin,Henry
CLM000021,Vanessa,Ramirez
CLM000022,Michael,Johnson
CLM000023,Colton,Wallace
CLM000024,Ronald,Johnson
CLM000025,Tony,Elliott
CLM000026,Suzanne,Wilson
CLM000027,Jessica,Dawson
CLM000028,Danielle,Hendricks
CLM000029,Aaron,Charles
CLM000030,Kelly,Maddox
CLM000031,Joseph,Bullock
CLM000032,Stephanie,Brown
CLM000033,Jeffrey,Obrien
CLM000034,Derrick,Mays
CLM000035,Cynthia,Trujillo
CLM000036,Catherine,Chavez
CLM000037,Anne,Torres
CLM000038,Sandra,Hunt
CLM000039,Larry,Moss
CLM000040,Teresa,Smith
CLM000041,Johnny,Martinez
CLM000042,James,Rogers
CLM000043,John,Shields
CLM000044,Roberta,Miller
CLM000045,Stanley,Griffith
CLM000046,Jonathan,Robinson
CLM000047,Matthew,Gutierrez
CLM000048,Christopher,Thompson
CLM000049,Keith,Miller
CLM000050,Beth,White
CLM000051,Douglas,Boone
CLM000052,Steven,Hoover
CLM000053,Stephanie,Sanders
CLM000054,Jacob,Sanders
CLM000055,Brian,King
CLM000056,Michael,Jordan
CLM000057,Devon,Barnes
CLM000058,Jessica,Torres
CLM000059,Lisa,Faulkner
CLM000060,Jason,Gomez
CLM000061,Stephanie,Holloway
CLM000062,Julian,Gibson
CLM000063,Trevor,Henderson
CLM000064,Lisa,Townsend
CLM000065,Virginia,Walton
CLM000066,James,Baxter
CLM000067,Sean,Miller
CLM000068,Lisa,Lambert
CLM000069,Johnny,Lopez
CLM000070,Melissa,Brewer
CLM000071,Christine,Harrington
CLM000072,Brenda,Murphy
CLM000073,Joseph,Mccoy
CLM000074,Jonathan,Armstrong
CLM000075,Dawn,Jackson
CLM000076,David,Robertson
CLM000077,Jaclyn,Rogers
CLM000078,Danielle,Knox
CLM000079,Isaac,Flores
CLM000080,Justin,Ross
CLM000081,Kimberly,King
CLM000082,Anthony,Tate
CLM000083,Jesus,Austin
CLM000084,David,Bailey
CLM000085,Catherine,Harvey
CLM000086,Andrew,Travis
CLM000087,Thomas,Dalton
CLM000088,Donna,Williams
CLM000089,Todd,Clark
CLM000090,Alejandro,Pratt
CLM000091,Antonio,Wade
CLM000092,Veronica,Henry
CLM000093,Jeffrey,Levine
CLM000094,Ashley,Peters
CLM000095,Brad,Harrison
CLM000096,Chelsea,Hill
CLM000097,Jessica,Moore
CLM000098,Sarah,Jones
CLM000099,Cassandra,Nelson
CLM000100,James,Anderson
CLM000101,Elizabeth,Brown
CLM000102,Andrea,Garcia
CLM000103,Amanda,Williams
CLM000104,Jared,Sullivan
CLM000105,Brian,Pearson
CLM000106,Matthew,Blackwell
CLM000107,Paula,Carlson
CLM000108,Crystal,Cooper
CLM000109,Michelle,Fernandez
CLM000110,Cory,Skinner
CLM000111,Andrew,Hayes
CLM000112,Cody,May
CLM000113,Laura,Moore
CLM000114,Juan,Bond
CLM000115,Hannah,Christian
CLM000116,John,Garza
CLM000117,Veronica,Morales
CLM000118,Lisa,Santos
CLM000119,Susan,Melendez
CLM000120,Carl,Gardner
CLM000121,Danielle,Zimmerman
CLM000122,Juan,Morales
CLM000123,Amanda,Zimmerman
CLM000124,Joshua,Woods
CLM000125,Tyler,Allison
CLM000126,Brittany,Gilbert
CLM000127,Patty,Harmon
CLM000128,Regina,Webb
CLM000129,Angela,Carter
CLM000130,Lawrence,Stanley
CLM000131,Catherine,Harris
CLM000132,Derek,Bell
CLM000133,Robert,Barker
CLM000134,Brittany,Thompson
CLM000135,Richard,Mccarty
CLM000136,Ann,Smith
CLM000137,Rachel,Brooks
CLM000138,Kathryn,Martin
CLM000139,Jennifer,Evans
CLM000140,Rebecca,Santiago
CLM000141,Jerome,King
CLM000142,David,Bailey
CLM000143,Danielle,Miller
CLM000144,Benjamin,Gibson
CLM000145,Tonya,Chang
CLM000146,Carrie,Brock
CLM000147,Madison,Mcdonald
CLM000148,Lisa,Callahan
CLM000149,Kathryn,Foley
CLM000150,Julie,Greer
CLM000151,Holly,Walsh
CLM000152,Allison,Dillon
CLM000153,Julie,Gordon
CLM000154,John,Jones
CLM000155,William,Vega
CLM000156,Michael,Martin
CLM000157,Danielle,Cummings
CLM000158,Donald,Blankenship
CLM000159,Jane,Grant
CLM000160,Jessica,Rivera
CLM000161,Matthew,Taylor
CLM000162,Daniel,Oneill
CLM000163,Elizabeth,Howell
CLM000164,Phillip,Gibson
CLM000165,Jason,Andrade
CLM000166,Sonya,Grimes
CLM000167,Anthony,Carlson
CLM000168,Vincent,Mcdaniel
CLM000169,Timothy,Mcdaniel
CLM000170,William,Miller
CLM000171,Debbie,Johnson
CLM000172,Thomas,Lopez
CLM000173,Warren,Howard
CLM000174,Elijah,Stanton
CLM000175,James,Richardson
CLM000176,Jeffrey,Hughes
CLM000177,Regina,Zimmerman
CLM000178,Connor,Smith
CLM000179,Renee,Russell
CLM000180,Hannah,Coleman
CLM000181,Christopher,Harris
CLM000182,Ashley,Thomas
CLM000183,Candice,Ferrell
CLM000184,Michael,Le
CLM000185,Regina,Adams
CLM000186,Joshua,Tucker
CLM000187,Samantha,Hamilton
CLM000188,Thomas,Carter
CLM000189,Ana,Kane
CLM000190,Tyler,Caldwell
CLM000191,Sharon,Dunlap
CLM000192,Sean,Jackson
CLM000193,Thomas,Wilkins
CLM000194,Matthew,Smith
CLM000195,Vincent,Rodriguez
CLM000196,Julie,Craig
CLM000197,Brianna,Burton
CLM000198,Zachary,Williams
CLM000199,Stephen,Parrish
CLM000200,Heather,Brown
CLM000201,Ashley,Cooper
CLM000202,Vernon,Padilla
CLM000203,Connie,Walker
CLM000204,David,Rich
CLM000205,Lindsey,Miller
CLM000206,Stephen,Dixon
CLM000207,Hannah,Lam
CLM000208,Amanda,Case
CLM000209,Paul,Fuller
CLM000210,John,Black
CLM000211,Mary,Bennett
CLM000212,Travis,Peters
CLM000213,Anthony,White
CLM000214,John,Beck
CLM000215,Shawn,Randall
CLM000216,Janet,Nelson
CLM000217,Ashley,Lester
CLM000218,Troy,Simmons
CLM000219,Deborah,Greene
CLM000220,Michelle,Smith
CLM000221,Caroline,Briggs
CLM000222,Douglas,Hernandez
CLM000223,Mallory,Wood
CLM000224,Daniel,Ward
CLM000225,Kelly,Graham
CLM000226,Jessica,Lee
CLM000227,Amber,Ramirez
CLM000228,Dustin,Carpenter
CLM000229,Kevin,Jimenez
CLM000230,Timothy,Williams
CLM000231,Tina,Harper
CLM000232,Gabriel,Evans
CLM000233,Michael,Sanchez
CLM000234,Nicholas,Rhodes
CLM000235,Andrea,Johnson
CLM000236,Anthony,Miller
CLM000237,Joshua,Walton
CLM000238,Natalie,Perry
CLM000239,Crystal,Cook
CLM000240,Amanda,Reed
CLM000241,Stacy,Rodriguez
CLM000242,Michael,Roth
CLM000243,Jason,Escobar
CLM000244,Kayla,Fleming
CLM000245,Nicholas,Lopez
CLM000246,Dean,Bradley
CLM000247,Robert,Chan
CLM000248,Pamela,Wells
CLM000249,Michael,Davis
CLM000250,Randy,Mercado
CLM000251,Michaela,Whitney
CLM000252,Jeanette,Dorsey
CLM000253,Kimberly,Martin
CLM000254,Anthony,Brooks
CLM000255,Danielle,Zimmerman
CLM000256,Ryan,Bender
CLM000257,Timothy,Johnson
CLM000258,Robert,Freeman
CLM000259,Aaron,Rivera
CLM000260,Kenneth,Mcknight
CLM000261,Joe,Avila
CLM000262,Latoya,Wright
CLM000263,Donna,Briggs
CLM000264,Crystal,Webb
CLM000265,Judith,Nelson
CLM000266,Victoria,Nixon
CLM000267,Ashley,Chaney
CLM000268,Morgan,Perez
CLM000269,Jonathan,Dawson
CLM000270,Scott,Thomas
CLM000271,Katrina,Williams
CLM000272,Barbara,Moore
CLM000273,Michael,Rice
CLM000274,Danielle,Thomas
CLM000275,Brittany,Brooks
CLM000276,Daniel,Smith
CLM000277,John,Vega
CLM000278,Kevin,Duke
CLM000279,Kelly,Gordon
CLM000280,Christina,Gardner
CLM000281,Pam,Brown
CLM000282,Jessica,Nguyen
CLM000283,Emily,Cox
CLM000284,Ronald,Powers
CLM000285,Sherri,Werner
CLM000286,Miguel,Wright
CLM000287,Gabriella,Scott
CLM000288,Anthony,Clay
CLM000289,Rodney,Molina
CLM000290,Marissa,Myers
CLM000291,James,Williams
CLM000292,Eric,Oliver
CLM000293,Darren,Smith
CLM000294,Margaret,Williams
CLM000295,Kenneth,Harrison
CLM000296,Thomas,Stafford
CLM000297,Lisa,Curtis
CLM000298,Jennifer,Wilson
CLM000299,Andrew,Palmer
CLM000300,Michael,Quinn
CLM000301,Tyler,Rice
CLM000302,Brian,Reed
CLM000303,Steven,Fisher
CLM000304,Kathleen,Wilkins
CLM000305,Elizabeth,Ramos
CLM000306,Shannon,Brown
CLM000307,Meghan,Lawson
CLM000308,Hannah,Thomas
CLM000309,Benjamin,Kelley
CLM000310,Daniel,Hall
CLM000311,Shawn,Cole
CLM000312,Debbie,Peterson
CLM000313,Michaela,Nguyen
CLM000314,Karen,Benson
CLM000315,Diana,Payne
CLM000316,Steven,Nelson
CLM000317,Brian,Evans
CLM000318,Brandon,Brown
CLM000319,Bradley,Smith
CLM000320,Christopher,Malone
CLM000321,Theresa,Huber
CLM000322,Jessica,Farley
CLM000323,Casey,Weaver
CLM000324,Leah,Petersen
CLM000325,Leslie,Figueroa
CLM000326,Mary,White
CLM000327,Rebecca,Mclaughlin
CLM000328,Kristin,Durham
CLM000329,Tina,George
CLM000330,Lauren,Harvey
CLM000331,Lisa,Zimmerman
CLM000332,Jodi,Nelson
CLM000333,Ryan,Fitzgerald
CLM000334,Joseph,Alvarez
CLM000335,Lynn,Compton
CLM000336,Megan,Bates
CLM000337,Shawn,Thompson
CLM000338,Anna,Hicks
CLM000339,Michelle,Klein
CLM000340,Mark,Vega
CLM000341,Penny,Brown
CLM000342,Scott,Norris
CLM000343,Haley,Mcdowell
CLM000344,Jose,Thompson
CLM000345,Shannon,Barrera
CLM000346,Jerry,Lindsey
CLM000347,Melissa,Russell
CLM000348,Eric,Morgan
CLM000349,Daniel,Martin
CLM000350,Matthew,Hampton
CLM000351,Julie,Rodriguez
CLM000352,Judy,Johnson
CLM000353,Jennifer,Bradley
CLM000354,Brent,Mendoza
CLM000355,Debra,Lee
CLM000356,Courtney,Watson
CLM000357,Robert,Collins
CLM000358,Jennifer,Sexton
CLM000359,Mark,Peterson
CLM000360,Anthony,Barnett
CLM000361,Christina,Stokes
CLM000362,Jeffery,Park
CLM000363,David,Lopez
CLM000364,Kevin,Decker
CLM000365,Lauren,Bennett
CLM000366,Stephen,Smith
CLM000367,Amber,Reilly
CLM000368,Thomas,Santiago
CLM000369,Mary,Mitchell
CLM000370,Valerie,Meadows
CLM000371,Dawn,Perez
CLM000372,Denise,Morgan
CLM000373,Joanne,Woods
CLM000374,Karen,Brown
CLM000375,Scott,Guzman
CLM000376,Thomas,Wilson
CLM000377,Robert,Hoffman
CLM000378,Ronald,Brown
CLM000379,Travis,Hernandez
CLM000380,Kimberly,Hicks
CLM000381,Traci,Nash
CLM000382,Heidi,Bell
CLM000383,Beth,Lee
CLM000384,David,Mills
CLM000385,Misty,Nguyen
CLM000386,Justin,Black
CLM000387,Michelle,Price
CLM000388,Stephanie,Rojas
CLM000389,Michele,White
CLM000390,Trevor,Parker
CLM000391,Christopher,Brock
CLM000392,Cynthia,Flowers
CLM000393,Daniel,Hernandez
CLM000394,Nicholas,Dickerson
CLM000395,Mary,Shepherd
CLM000396,Eric,Moore
CLM000397,Jennifer,Salinas
CLM000398,Travis,Silva
CLM000399,Dylan,Barnett
CLM000400,Joseph,Palmer
CLM000401,Barbara,Griffin
CLM000402,Howard,Green
CLM000403,David,Johnson
CLM000404,Michelle,Macdonald
CLM000405,Susan,Mcdonald
CLM000406,Diana,Gutierrez
CLM000407,Olivia,Walker
CLM000408,Derrick,Howell
CLM000409,Beverly,Rogers
CLM000410,Erik,Clark
CLM000411,Elizabeth,Wall
CLM000412,Brian,Johnson
CLM000413,Tina,Hayes
CLM000414,Carla,Gallegos
CLM000415,Philip,Ferguson
CLM000416,Christopher,Cooper
CLM000417,Angela,Shaw
CLM000418,Robert,Stevens
CLM000419,Mike,Moore
CLM000420,Kimberly,Banks
CLM000421,Brian,Johnston
CLM000422,Carrie,Jones
CLM000423,Eduardo,Hall
CLM000424,Miranda,Nichols
CLM000425,Lisa,Lane
CLM000426,Danny,Young
CLM000427,Jason,Wheeler
CLM000428,Nicholas,Castaneda
CLM000429,Scott,Pearson
CLM000430,Rose,Flowers
CLM000431,Tina,Edwards
CLM000432,Eric,Fischer
CLM000433,Carlos,Cantu
CLM000434,Christine,Ellis
CLM000435,Cory,Rodriguez
CLM000436,Benjamin,Petersen
CLM000437,Susan,Moore
CLM000438,Abigail,Alvarez
CLM000439,Timothy,Weaver
CLM000440,Maria,Price
CLM000441,Todd,Fuller
CLM000442,Kristine,Sandoval
CLM000443,Louis,Frost
CLM000444,Samantha,Johnson
CLM000445,Tracey,Anderson
CLM000446,Kimberly,Rivera
CLM000447,Jacob,Torres
CLM000448,Angelica,Knight
CLM000449,Jon,Jacobs
CLM000450,Scott,Walls
CLM000451,Patricia,Allen
CLM000452,Cheryl,Gomez
CLM000453,Melissa,Travis
CLM000454,Dennis,Harding
CLM000455,Michele,Macias
CLM000456,Barbara,Patterson
CLM000457,Jim,Alvarado
CLM000458,Kelly,Wilkins
CLM000459,Brandy,Thomas
CLM000460,Jennifer,Chambers
CLM000461,Michael,Walls
CLM000462,Frederick,Torres
CLM000463,John,Lucas
CLM000464,Michele,Moyer
CLM000465,Kelly,Flores
CLM000466,Elizabeth,Peters
CLM000467,Melissa,Haas
CLM000468,Crystal,Jensen
CLM000469,Alyssa,Serrano
CLM000470,David,Blair
CLM000471,Pam,Jones
CLM000472,Kimberly,Guerrero
CLM000473,Steve,Hensley
CLM000474,David,Ortiz
CLM000475,Briana,Farrell
CLM000476,Gabrielle,Parker
CLM000477,Dustin,Miller
CLM000478,Luis,Guerrero
CLM000479,Justin,Hull
CLM000480,Maria,Gardner
CLM000481,Samantha,Garner
CLM000482,Linda,Gomez
CLM000483,Clinton,Edwards
CLM000484,Charlotte,Lawson
CLM000485,Timothy,Murray
CLM000486,William,Howard
CLM000487,Elizabeth,Fowler
CLM000488,Gloria,Villarreal
CLM000489,Thomas,Gonzalez
CLM000490,Steven,West
CLM000491,Andrea,Duncan
CLM000492,Mark,Armstrong
CLM000493,Nicholas,Hays
CLM000494,Alyssa,Mejia
CLM000495,Sara,Reeves
CLM000496,Michael,Rangel
CLM000497,Carolyn,Murray
CLM000498,Michael,Deleon
CLM000499,Michael,Wiggins
CLM000500,Stephen,Webster
CLM000501,Amanda,Cannon
CLM000502,Scott,Green
CLM000503,Michael,Clark
CLM000504,Ryan,Morales
CLM000505,Chase,Simpson
CLM000506,Jennifer,Wong
CLM000507,Isaiah,Butler
CLM000508,Justin,Smith
CLM000509,Rebecca,Edwards
CLM000510,Richard,Jackson
CLM000511,Amanda,Morrow
CLM000512,Zachary,Garcia
CLM000513,Alexandra,Morgan
CLM000514,Jenna,Hawkins
CLM000515,Nicole,Stewart
CLM000516,Judy,Johnson
CLM000517,Joseph,Nelson
CLM000518,Joshua,Norris
CLM000519,Gregory,Long
CLM000520,Katie,Davis
CLM000521,Michael,Moore
CLM000522,Meghan,Villanueva
CLM000523,Zachary,Shea
CLM000524,James,Mack
CLM000525,Brandy,Kennedy
CLM000526,Christina,Peterson
CLM000527,Christina,Curtis
CLM000528,Jo,Hughes
CLM000529,Jennifer,Powell
CLM000530,Heather,Harmon
CLM000531,William,Hawkins
CLM000532,Erik,Martinez
CLM000533,Tracie,Escobar
CLM000534,Nicole,Mullins
CLM000535,Alexander,Peterson
CLM000536,Sydney,Castaneda
CLM000537,Trevor,Turner
CLM000538,Aaron,Bowers
CLM000539,Derek,Douglas
CLM000540,Matthew,Combs
CLM000541,Diana,Strong
CLM000542,James,West
CLM000543,Heather,Lindsey
CLM000544,Ryan,Moore
CLM000545,Paul,Dillon
CLM000546,Vicki,Brooks
CLM000547,Corey,Wilson
CLM000548,John,Howard
CLM000549,Angela,Garcia
CLM000550,Alexander,Hughes
CLM000551,Arthur,Harper
CLM000552,Christine,Barnett
CLM000553,Justin,Clements
CLM000554,Glenn,Marsh
CLM000555,Lori,Stephens
CLM000556,Isabella,Garcia
CLM000557,Alexander,Morales
CLM000558,Tara,Jones
CLM000559,Randall,Cook
CLM000560,Douglas,Alexander
CLM000561,Christopher,Mcdonald
CLM000562,Michael,Sparks
CLM000563,John,Moreno
CLM000564,Katherine,Blackburn
CLM000565,Cynthia,Gonzales
CLM000566,Brittany,Davis
CLM000567,Jessica,Ward
CLM000568,Kathy,Powell
CLM000569,Tyler,Perez
CLM000570,Cameron,Castillo
CLM000571,Micheal,Perez
CLM000572,Bryan,Butler
CLM000573,John,Myers
CLM000574,Victoria,Hamilton
CLM000575,Brittany,Zamora
CLM000576,Joel,Payne
CLM000577,Michael,Montes
CLM000578,Caitlin,Rogers
CLM000579,Andrew,Olson
CLM000580,Mary,Walters
CLM000581,Elizabeth,Patel
CLM000582,Heather,Castro
CLM000583,Brian,Wong
CLM000584,Thomas,Campbell
CLM000585,Joseph,Hayden
CLM000586,Steven,Randolph
CLM000587,Hayley,Martin
CLM000588,Christopher,Hernandez
CLM000589,Marcus,Gould
CLM000590,Samantha,Perez
CLM000591,Mark,Cruz
CLM000592,Douglas,Thompson
CLM000593,Rodney,Best
CLM000594,Sarah,Medina
CLM000595,Aaron,Randolph
CLM000596,Alyssa,Hart
CLM000597,Benjamin,Lopez
CLM000598,Stephen,Hamilton
CLM000599,Lori,Lopez
CLM000600,Alexandra,Winters
CLM000601,Victoria,Wilson
CLM000602,Matthew,Duffy
CLM000603,Kim,Kelly
CLM000604,David,Hunter
CLM000605,Nancy,Smith
CLM000606,Danielle,Hurley
CLM000607,Kelly,Dominguez
CLM000608,Jacob,Calderon
CLM000609,Rebecca,Bright
CLM000610,Jason,Vega
CLM000611,Glenn,Fowler
CLM000612,Kimberly,Patterson
CLM000613,Theresa,Flynn
CLM000614,Jonathan,Alvarado
CLM000615,Kathleen,Chung
CLM000616,Mark,Mullen
CLM000617,Kathryn,Tucker
CLM000618,Andrew,Strong
CLM000619,Tina,Morales
CLM000620,Jenny,Collier
CLM000621,Jonathan,Klein
CLM000622,Taylor,Nelson
CLM000623,Michael,Martinez
CLM000624,Timothy,Berry
CLM000625,Paul,Hahn
CLM000626,Anthony,Todd
CLM000627,Marco,Jones
CLM000628,Martha,Luna
CLM000629,Anthony,Gregory
CLM000630,Thomas,Floyd
CLM000631,Elizabeth,Hill
CLM000632,Michael,Tyler
CLM000633,Stephen,Schultz
CLM000634,Melissa,Henderson
CLM000635,Brittany,Townsend
CLM000636,Micheal,Jenkins
CLM000637,Vicki,Willis
CLM000638,Denise,Miles
CLM000639,Erika,Lloyd
CLM000640,Jerome,Rodriguez
CLM000641,Alex,Flores
CLM000642,Joel,House
CLM000643,Gregory,Hartman
CLM000644,Janet,Byrd
CLM000645,Chelsea,Dunn
CLM000646,John,Ramirez
CLM000647,Ronald,Glenn
CLM000648,Candace,Hayes
CLM000649,Ariana,Elliott
CLM000650,Beth,Freeman
CLM000651,Amy,Armstrong
CLM000652,Andrew,French
CLM000653,Michelle,Brown
CLM000654,Michael,Edwards
CLM000655,Jesus,Jackson
CLM000656,Scott,Jones
CLM000657,Jessica,Stafford
CLM000658,John,Hardy
CLM000659,Kyle,Parker
CLM000660,Jessica,Rowland
CLM000661,Lauren,Duncan
CLM000662,Katherine,Jones
CLM000663,Ellen,Tyler
CLM000664,Laura,Esparza
CLM000665,Joshua,Klein
CLM000666,Susan,Crawford
CLM000667,Nathaniel,Perez
CLM000668,Andres,Jordan
CLM000669,Scott,Mitchell
CLM000670,Michelle,Rowe
CLM000671,Michele,Murillo
CLM000672,Amy,Johnson
CLM000673,Joseph,Pearson
CLM000674,Amber,Hodges
CLM000675,Mark,Evans
CLM000676,Cynthia,Russell
CLM000677,Brian,Wheeler
CLM000678,Michael,Tran
CLM000679,Aaron,Hill
CLM000680,Kenneth,Carr
CLM000681,Eric,Ellison
CLM000682,Corey,Edwards
CLM000683,Ricky,Jacobs
CLM000684,Alex,Zuniga
CLM000685,Jamie,Moore
CLM000686,Brett,Herrera
CLM000687,Timothy,Johnson
CLM000688,Adam,Cox
CLM000689,David,Reed
CLM000690,Samantha,Price
CLM000691,Jessica,Love
CLM000692,John,Cole
CLM000693,Susan,Clarke
CLM000694,Zachary,Rodriguez
CLM000695,Michael,Lawrence
CLM000696,Kathryn,Collier
CLM000697,Kathryn,Thompson
CLM000698,Sarah,Mendez
CLM000699,Ashley,Williams
CLM000700,Kara,Bryant
CLM000701,Craig,Aguilar
CLM000702,Stacey,Wood
CLM000703,Catherine,Shields
CLM000704,Ashley,Cobb
CLM000705,Anita,Thomas
CLM000706,Michelle,Fisher
CLM000707,Elizabeth,Becker
CLM000708,Jerry,Hurst
CLM000709,Rebecca,Russell
CLM000710,Adam,Mccullough
CLM000711,Ashley,Mcdonald
CLM000712,Eric,Flores
CLM000713,Paul,Pierce
CLM000714,Allison,Sanders
CLM000715,Wesley,Montoya
CLM000716,Debra,Miller
CLM000717,Gregory,Sims
CLM000718,Travis,Vasquez
CLM000719,Elizabeth,Nguyen
CLM000720,Mark,Hanna
CLM000721,Gregg,Wilson
CLM000722,Melanie,Martinez
CLM000723,Sara,Lane
CLM000724,Penny,Casey
CLM000725,Alicia,Zimmerman
CLM000726,Amy,Compton
CLM000727,Jeffrey,Robinson
CLM000728,Emily,Oconnell
CLM000729,Christopher,Martinez
CLM000730,Dawn,Walker
CLM000731,Monica,Dean
CLM000732,David,Bowers
CLM000733,Marcus,Stout
CLM000734,Daniel,Wilson
CLM000735,Brian,Anderson
CLM000736,Marc,Dougherty
CLM000737,Kevin,Faulkner
CLM000738,Kristin,Kirk
CLM000739,Scott,Lawrence
CLM000740,Natalie,Ortega
CLM000741,Eric,Johnson
CLM000742,Paula,Hicks
CLM000743,Rose,Moss
CLM000744,Debra,Black
CLM000745,Juan,Hurst
CLM000746,Daniel,Jones
CLM000747,Leslie,Austin
CLM000748,Arthur,Ball
CLM000749,Rachel,Nichols
CLM000750,Thomas,Fletcher
CLM000751,Elizabeth,Smith
CLM000752,Tim,Jones
CLM000753,Carl,Smith
CLM000754,Matthew,Campbell
CLM000755,Jacob,Willis
CLM000756,Brian,Sharp
CLM000757,Michael,Richmond
CLM000758,Connor,Richardson
CLM000759,Kristen,Mills
CLM000760,Katherine,Johnson
CLM000761,Jeremy,Martin
CLM000762,Rachel,Johnson
CLM000763,Rachel,Smith
CLM000764,Jennifer,Allison
CLM000765,Joseph,Lynch
CLM000766,Omar,Armstrong
CLM000767,Emily,Dyer
CLM000768,Justin,Vega
CLM000769,Amanda,Baker
CLM000770,Teresa,Ward
CLM000771,Angela,Wagner
CLM000772,Megan,Wells
CLM000773,Billy,Hill
CLM000774,Vanessa,Ochoa
CLM000775,Jerome,Brown
CLM000776,Mark,Walters
CLM000777,Gail,Bennett
CLM000778,Joshua,Warren
CLM000779,Jessica,Oneal
CLM000780,Jonathan,Willis
CLM000781,Sara,Edwards
CLM000782,Adam,Barber
CLM000783,Brenda,Hubbard
CLM000784,James,Barrett
CLM000785,John,Padilla
CLM000786,Jeffrey,Martin
CLM000787,Michael,Carroll
CLM000788,Maurice,Bryant
CLM000789,James,Bullock
CLM000790,William,Flores
CLM000791,Ryan,Morris
CLM000792,Sandra,Frye
CLM000793,Tonya,Anderson
CLM000794,Rachel,Thompson
CLM000795,Corey,Richardson
CLM000796,Claire,Campbell
CLM000797,Jessica,Garrett
CLM000798,Sarah,Shaw
CLM000799,Angela,Skinner
CLM000800,Jessica,Anderson
CLM000801,Michael,Ayers
CLM000802,Alejandro,Miller
CLM000803,Cesar,Lopez
CLM000804,Kendra,Fuentes
CLM000805,Brenda,Allison
CLM000806,Joseph,Richardson
CLM000807,Sheryl,Reyes
CLM000808,John,Green
CLM000809,Laurie,Cook
CLM000810,Angela,Pruitt
CLM000811,Adam,Williams
CLM000812,Kimberly,Sims
CLM000813,Jacqueline,Mejia
CLM000814,Michael,King
CLM000815,Michelle,Burgess
CLM000816,Christine,Petersen
CLM000817,Jennifer,Phelps
CLM000818,Sydney,Evans
CLM000819,Joseph,Williams
CLM000820,Isaac,Weber
CLM000821,Amy,Moore
CLM000822,Erin,Armstrong
CLM000823,Amanda,Jones
CLM000824,Tara,Dennis
CLM000825,Arthur,Andrade
CLM000826,Kathryn,Clark
CLM000827,Zachary,Smith
CLM000828,Brent,Nelson
CLM000829,Jessica,Bell
CLM000830,Danielle,Hall
CLM000831,Miranda,Skinner
CLM000832,Brian,Washington
CLM000833,Rachel,Roach
CLM000834,Judy,Lewis
CLM000835,Andrea,Smith
CLM000836,Kiara,Murray
CLM000837,Joshua,Vazquez
CLM000838,Charles,Fuller
CLM000839,Melissa,Andrews
CLM000840,Robert,House
CLM000841,Douglas,Charles
CLM000842,Annette,Hicks
CLM000843,Nicole,Gomez
CLM000844,Frederick,Terry
CLM000845,Ryan,Armstrong
CLM000846,Amber,Ball
CLM000847,Keith,Rodriguez
CLM000848,Nicole,Clark
CLM000849,Rebecca,Perry
CLM000850,Debbie,Nelson
CLM000851,Tyler,Richmond
CLM000852,Beverly,Vasquez
CLM000853,Kimberly,Lutz
CLM000854,Tyrone,Sanders
CLM000855,Eric,Castaneda
CLM000856,Andrew,Hernandez
CLM000857,Jeffrey,Tran
CLM000858,Daniel,Allen
CLM000859,Angelica,Robinson
CLM000860,Deanna,Martinez
CLM000861,Jerry,Stewart
CLM000862,Stephen,Donaldson
CLM000863,Harold,Hoover
CLM000864,Brandon,Sanchez
CLM000865,George,Barker
CLM000866,John,Burton
CLM000867,Jonathan,Fisher
CLM000868,Dustin,Mathis
CLM000869,Mark,Davis
CLM000870,Ashley,Poole
CLM000871,Nichole,Hendricks
CLM000872,Connie,Walsh
CLM000873,Eric,Velez
CLM000874,David,Herrera
CLM000875,John,Williams
CLM000876,Amanda,Jones
CLM000877,Victoria,Maldonado
CLM000878,Lisa,Wheeler
CLM000879,Eric,Collins
CLM000880,John,Bean
CLM000881,Wesley,Mitchell
CLM000882,Mark,Pruitt
CLM000883,Michael,Johnson
CLM000884,Sheila,Rush
CLM000885,Joseph,Buchanan
CLM000886,David,White
CLM000887,Thomas,Zhang
CLM000888,Jason,Williams
CLM000889,Sandra,Bell
CLM000890,Brittney,Small
CLM000891,Theresa,Smith
CLM000892,Michael,Daniel
CLM000893,Audrey,Stevens
CLM000894,Christopher,Dennis
CLM000895,Hayley,Ramirez
CLM000896,Nancy,Martinez
CLM000897,Felicia,Pruitt
CLM000898,Matthew,Lara
CLM000899,Marisa,Mcdonald
CLM000900,Gary,Barnett
CLM000901,Carlos,Zimmerman
CLM000902,Christopher,Colon
CLM000903,Mikayla,Collins
CLM000904,Barry,Reynolds
CLM000905,Carl,Mitchell
CLM000906,Tyler,Walker
CLM000907,Robin,Hall
CLM000908,Victoria,Schmidt
CLM000909,Karen,Lee
CLM000910,Jennifer,Wolfe
CLM000911,Sally,Schwartz
CLM000912,Jocelyn,King
CLM000913,Ryan,Stanley
CLM000914,Kathleen,Kennedy
CLM000915,Bill,Cook
CLM000916,Latasha,Gillespie
CLM000917,Natalie,Woodward
CLM000918,Kari,Martin
CLM000919,Taylor,Berry
CLM000920,David,Riley
CLM000921,Patrick,Diaz
CLM000922,Bruce,Duffy
CLM000923,Sarah,Anderson
CLM000924,Jessica,Thomas
CLM000925,John,Gutierrez
CLM000926,Matthew,Cook
CLM000927,Alejandra,Lutz
CLM000928,Amanda,West
CLM000929,Jason,Myers
CLM000930,Brandy,Rodriguez
CLM000931,Cynthia,Horton
CLM000932,Christine,Stephens
CLM000933,Nicholas,Ortiz
CLM000934,Betty,Fuller
CLM000935,Sabrina,Walker
CLM000936,Antonio,Nelson
CLM000937,Lori,Williams
CLM000938,Karen,Clay
CLM000939,Kevin,Johnson
CLM000940,Alyssa,Garcia
CLM000941,Rachel,Lewis
CLM000942,Eddie,Harris
CLM000943,Tiffany,George
CLM000944,Peter,Torres
CLM000945,Gina,Harris
CLM000946,Holly,Wolf
CLM000947,Sean,Peters
CLM000948,Carlos,Mcpherson
CLM000949,David,Montoya
CLM000950,Michael,Bridges
CLM000951,Richard,Roberts
CLM000952,Julian,Brooks
CLM000953,Christopher,Carpenter
CLM000954,Brooke,Wilson
CLM000955,Krystal,Reed
CLM000956,Ryan,Jones
CLM000957,Kathleen,Harris
CLM000958,Joshua,Cook
CLM000959,Randy,Yang
CLM000960,Kimberly,Chan
CLM000961,Emily,Wilson
CLM000962,Keith,Klein
CLM000963,Jessica,Horton
CLM000964,Nicholas,Young
CLM000965,Antonio,Lozano
CLM000966,Joshua,Cunningham
CLM000967,Karina,Rogers
CLM000968,Timothy,Hays
CLM000969,Bryan,Nguyen
CLM000970,Jason,Anderson
CLM000971,Charles,Hernandez
CLM000972,Haley,Wright
CLM000973,Adam,Williamson
CLM000974,Adam,Mathis
CLM000975,Amanda,Cobb
CLM000976,Joseph,Griffith
CLM000977,Carol,Fischer
CLM000978,Michele,Anderson
CLM000979,Kaitlyn,Lynch
CLM000980,Colleen,Erickson
CLM000981,Courtney,Vega
CLM000982,James,Greer
CLM000983,Christie,Woods
CLM000984,Heather,Williams
CLM000985,Alice,Burton
CLM000986,Sylvia,Wong
CLM000987,Paul,Cummings
CLM000988,Christine,Escobar
CLM000989,Rebecca,Rollins
CLM000990,Robert,Medina
CLM000991,Anita,Hughes
CLM000992,Gary,Hull
CLM000993,Jeremy,Williams
CLM000994,Michelle,Lee
CLM000995,Gabriella,Clark
CLM000996,Elizabeth,Romero
CLM000997,Patrick,Nelson
CLM000998,Mary,Taylor
CLM000999,Abigail,Ross
CLM001000,Craig,Farley
